epoch,train_loss,attack_loss,nps_loss,tv_loss,train_asr,train_positive_images,train_successes,val_asr,val_positive_images,val_successes,decouple_n,decouple_r
1,0.6377222896677203,0.6160953005330753,0.10602982085099262,0.08608385406236733,0.25390625,256,65,0.25390625,256,65,2,0.2
2,0.5768695993233571,0.5517276425277238,0.09698277270108198,0.10017991033011833,0.25390625,256,65,0.25390625,256,65,2,0.20337078651685395
3,0.5562228547260825,0.5297639921175695,0.09615003423089474,0.10545086603512806,0.25390625,256,65,0.25390625,256,65,2,0.20674157303370788
4,0.6357141796466523,0.6142301575272484,0.10567747557585218,0.08551338466659056,0.25390625,256,65,0.25390625,256,65,2,0.21011235955056182
5,0.5797770115654025,0.5548414540501823,0.09689498448793867,0.09935467129787512,0.25390625,256,65,0.25390625,256,65,2,0.21348314606741575
6,0.538715164482066,0.5116654291617132,0.09604884506063124,0.10781476053252684,0.25390625,256,65,0.25390625,256,65,2,0.21685393258426966
7,0.5095624359308091,0.4810788998034148,0.09595315613314113,0.11355032461934385,0.25390625,256,65,0.25390625,256,65,2,0.2202247191011236
8,0.6385494518069039,0.6166700319906252,0.10519165947901464,0.08709691135229262,0.25390625,256,65,0.25390625,256,65,2,0.20526315789473684
9,0.587860417049543,0.5624258726571514,0.09646611251926,0.10135229815424016,0.25390625,256,65,0.25390625,256,65,2,0.20601503759398498
10,0.5446776905945973,0.5179384126599911,0.0961082834189972,0.10657265755982526,0.25390625,256,65,0.25390625,256,65,2,0.2067669172932331
11,0.5016516800475331,0.4729568578500663,0.09605527121936326,0.11439506979906454,0.25390625,256,65,0.25390625,256,65,2,0.2075187969924812
12,0.46379476864781,0.4336681112778925,0.09621633081573301,0.12012176703562778,0.25390625,256,65,0.25390625,256,65,2,0.20827067669172933
13,0.43136271913494684,0.40001858045569566,0.09628645422975574,0.12499140901903136,0.25390625,256,65,0.25390625,256,65,2,0.20902255639097744
14,0.41326002895304587,0.38112901164367136,0.09623231046495184,0.12813914587012434,0.25390625,256,65,0.25390625,256,65,2,0.20977443609022559
15,0.4048833448802475,0.3723712909010659,0.09596115680394975,0.1296643747956352,0.25390625,256,65,0.25390625,256,65,2,0.2105263157894737
16,0.39128835486099783,0.35761244028015476,0.09602489744403721,0.13431955465173298,0.25390625,256,65,0.25390625,256,65,2,0.21127819548872181
17,0.38438863669876505,0.3504953260442852,0.09606307006515233,0.13518899006653676,0.25390625,256,65,0.25390625,256,65,2,0.21203007518796993
18,0.37297971691705484,0.33909559276251666,0.09600957872065823,0.13515245571600654,0.25390625,256,65,0.25390625,256,65,2,0.21278195488721804
19,0.37075919598604723,0.3362498449540771,0.09608702757189759,0.13765306559811652,0.25390625,256,65,0.25390625,256,65,2,0.2135338345864662
20,0.36159714080591115,0.32706072306738493,0.0961167605972923,0.137761217171112,0.25390625,256,65,0.25390625,256,65,2,0.2142857142857143
21,0.3509207200423806,0.31648941971031963,0.09607048642582598,0.1373409183151954,0.25390625,256,65,0.25390625,256,65,2,0.21503759398496242
22,0.3559625528555001,0.32134363055229187,0.09600773269096308,0.13809166782725174,0.25390625,256,65,0.25390625,256,65,2,0.21578947368421053
23,0.360019924630106,0.3246091894343891,0.09601333150557712,0.14125887983668167,0.25390625,256,65,0.25390625,256,65,2,0.21654135338345865
24,0.35050685848809976,0.31483042886299367,0.09621109028833102,0.14232086897951313,0.25390625,256,65,0.25390625,256,65,2,0.2172932330827068
25,0.3440118268527816,0.30835806690486134,0.0964517152283044,0.14222923382721117,0.25390625,256,65,0.25390625,256,65,2,0.2180451127819549
26,0.33516792412352775,0.2992320784689051,0.09635157573275861,0.1433579796447163,0.25390625,256,65,0.25390625,256,65,2,0.21879699248120302
27,0.3405548107307569,0.30457358497433956,0.09622654641887783,0.14353999996607283,0.25390625,256,65,0.25390625,256,65,2,0.21954887218045113
28,0.3422447493118522,0.30610050999485283,0.09621452058838532,0.14419209785693515,0.25390625,256,65,0.25390625,256,65,2,0.22030075187969925
29,0.33293294959363684,0.29678099200261376,0.09617743509269394,0.14422311416241976,0.25390625,256,65,0.25390625,256,65,2,0.2210526315789474
30,0.33132418752771564,0.2951345107460444,0.09624668012941832,0.14437372244037358,0.25390625,256,65,0.25390625,256,65,2,0.2218045112781955
31,0.33198221647633913,0.29587960955315984,0.09646346690380468,0.14402457557420814,0.25390625,256,65,0.25390625,256,65,2,0.22255639097744362
32,0.3307876160978216,0.2944105024886342,0.09663379587958344,0.1451219188428558,0.25390625,256,65,0.25390625,256,65,2,0.22330827067669173
33,0.3328085227877693,0.29639120479073144,0.0967576965294053,0.14528224491967565,0.25390625,256,65,0.25390625,256,65,2,0.22406015037593985
34,0.3342291901333142,0.2973037041657794,0.0967289086068626,0.14731502915378167,0.25390625,256,65,0.25390625,256,65,2,0.224812030075188
35,0.3255904262836001,0.2885318212540804,0.09684437157305996,0.14784703779537067,0.25390625,256,65,0.25390625,256,65,2,0.2255639097744361
36,0.3274835196480287,0.29027398352601885,0.09686789463842864,0.14845067724189928,0.25390625,256,65,0.25390625,256,65,2,0.22631578947368422
37,0.3263395373272685,0.28879665471283733,0.0969009942713037,0.1497839164417402,0.25390625,256,65,0.25390625,256,65,2,0.22706766917293233
38,0.3274222890623903,0.28976161408740864,0.09691807865041548,0.15025502482874203,0.25390625,256,65,0.25390625,256,65,2,0.22781954887218045
39,0.328562158662661,0.29076000415118397,0.09697711480929788,0.1508207230177601,0.25390625,256,65,0.25390625,256,65,2,0.2285714285714286
40,0.3285547513349921,0.29048451069182,0.09695749914487906,0.15189314112726565,0.25390625,256,65,0.25390625,256,65,2,0.2293233082706767
41,0.32327146814987723,0.28462521415368647,0.09712698699626247,0.15419650618481426,0.25390625,256,65,0.25390625,256,65,2,0.23007518796992482
42,0.32633326881754715,0.287603118382724,0.09722178475519197,0.15453171980592,0.25390625,256,65,0.25390625,256,65,2,0.23082706766917294
43,0.3173733300867334,0.27879336212588623,0.09719507409408029,0.1539310971192554,0.25390625,256,65,0.25390625,256,65,2,0.23157894736842105
44,0.32926391605782296,0.29076479019316953,0.0971296767217923,0.153607980339928,0.25390625,256,65,0.25390625,256,65,2,0.23233082706766917
45,0.3253322574680885,0.2869450428844553,0.09714558015091229,0.15316027060019233,0.25390625,256,65,0.25390625,256,65,2,0.2330827067669173
46,0.31632525902406305,0.2782353803647303,0.0970849295237423,0.15197117969525598,0.25390625,256,65,0.25390625,256,65,2,0.23383458646616542
47,0.3181523527719278,0.27988296180172306,0.09718348718849959,0.15268883623380577,0.25390625,256,65,0.25390625,256,65,2,0.23458646616541354
48,0.32237094693479285,0.2838155007467861,0.09697352402505621,0.1538338986909495,0.25390625,256,65,0.25390625,256,65,2,0.23533834586466165
49,0.32195742955777495,0.2835191868047799,0.09707027198994055,0.15336469672949968,0.25390625,256,65,0.25390625,256,65,2,0.2360902255639098
50,0.3185118173075988,0.28012709293217786,0.09719086735121972,0.15315013807431788,0.25390625,256,65,0.25390625,256,65,2,0.2368421052631579
51,0.3288586945396609,0.2899775971881056,0.09719205205946897,0.15513561230845155,0.25390625,256,65,0.25390625,256,65,2,0.23759398496240602
52,0.3219995129424914,0.2830643681562052,0.09711249660601658,0.15535212235640636,0.25390625,256,65,0.25390625,256,65,2,0.23834586466165414
53,0.32564520822689597,0.2864390735605122,0.09695136751485083,0.15643673251687953,0.25390625,256,65,0.25390625,256,65,2,0.23909774436090225
54,0.3249411130637194,0.2855608303726247,0.09681913948955789,0.1571338465519711,0.25390625,256,65,0.25390625,256,65,2,0.23984962406015037
55,0.32624104777268603,0.2865017719764625,0.09693083173669545,0.15856937378381206,0.25390625,256,65,0.25390625,256,65,2,0.2406015037593985
56,0.32041847837709747,0.28054999804074787,0.09701501096771882,0.15908586134952782,0.25390625,256,65,0.25390625,256,65,2,0.24135338345864663
57,0.32229620402893133,0.28280515573193543,0.09679736440951846,0.15757700458037116,0.25390625,256,65,0.25390625,256,65,2,0.24210526315789474
58,0.3162108117763975,0.2770738841685574,0.09685010970693773,0.156160310833855,0.25390625,256,65,0.25390625,256,65,2,0.24285714285714285
59,0.3164786977314316,0.2774295507542855,0.09687821811015628,0.15580907226663776,0.25390625,256,65,0.25390625,256,65,2,0.243609022556391
60,0.3244315351532624,0.28509337171516586,0.09666728900860896,0.15696598075132454,0.25390625,256,65,0.25390625,256,65,2,0.2443609022556391
61,0.3173219022233929,0.27809643639927417,0.09671282023191452,0.15651500541551977,0.25390625,256,65,0.25390625,256,65,2,0.24511278195488723
62,0.31813631028728145,0.2790806202498157,0.09679628638303385,0.15583557259719982,0.25390625,256,65,0.25390625,256,65,2,0.24586466165413534
63,0.3182055042908255,0.2793005070591395,0.09649069699565921,0.15523403315945009,0.25390625,256,65,0.25390625,256,65,2,0.24661654135338346
64,0.3194473628449229,0.28040424569518163,0.09642984942261097,0.15578674729418965,0.25390625,256,65,0.25390625,256,65,2,0.24736842105263157
65,0.3169792512085585,0.27776878346911577,0.09653741022390602,0.15645572081603834,0.25390625,256,65,0.25390625,256,65,2,0.2481203007518797
66,0.3168856717843925,0.2773012231409022,0.09645063779522887,0.15795198874135988,0.25390625,256,65,0.25390625,256,65,2,0.24887218045112783
67,0.3218445781849127,0.2822861187489687,0.09650979764693607,0.1578478006135046,0.25390625,256,65,0.25390625,256,65,2,0.24962406015037594
68,0.32300106403047,0.2835968690635884,0.09646597709012243,0.1572309099467455,0.25390625,256,65,0.25390625,256,65,2,0.2503759398496241
69,0.3209834787170444,0.28134315652129926,0.09630235897756256,0.1581760877001602,0.25390625,256,65,0.25390625,256,65,2,0.2511278195488722
70,0.32643616239054013,0.2864784337250532,0.0961933191371175,0.15944614676775132,0.25390625,256,65,0.25390625,256,65,2,0.2518796992481203
71,0.3276839754750243,0.2881003585273186,0.09604065496045931,0.15795029778923608,0.25390625,256,65,0.25390625,256,65,2,0.25263157894736843
72,0.31966673628946324,0.27996045337841574,0.09577729078256979,0.1584420301745423,0.25390625,256,65,0.25390625,256,65,2,0.25338345864661654
73,0.3220843169014011,0.2824757695198059,0.09573626313853052,0.1580512493321326,0.25390625,256,65,0.25390625,256,65,2,0.25413533834586466
74,0.31573665748655266,0.2763103643613579,0.09563621061038127,0.15732263305545907,0.25390625,256,65,0.25390625,256,65,2,0.2548872180451128
75,0.32090100843822006,0.28159716039632277,0.09555581976882124,0.15683318226210838,0.25390625,256,65,0.25390625,256,65,2,0.2556390977443609
76,0.3195212193294964,0.2803473796992175,0.09551645749438126,0.15631329261623653,0.25390625,256,65,0.25390625,256,65,2,0.25639097744360906
77,0.32677488385048586,0.2869922851039245,0.09530228732433994,0.1587491886014432,0.25390625,256,65,0.25390625,256,65,2,0.2571428571428571
78,0.3280560616898326,0.28862917383687686,0.09522122269974345,0.15732666058877928,0.25390625,256,65,0.25390625,256,65,2,0.2578947368421053
79,0.32579304541634246,0.28604564097075336,0.09521401014211958,0.15860876625618048,0.25390625,256,65,0.25390625,256,65,2,0.2586466165413534
80,0.32395981845602523,0.2843297872923117,0.09512156142597705,0.15813962811917331,0.25390625,256,65,0.25390625,256,65,2,0.2593984962406015
81,0.32300939839498133,0.28340704633598834,0.09491394552509341,0.15802974946203485,0.25390625,256,65,0.25390625,256,65,2,0.26015037593984963
82,0.3224752698324423,0.28253337107928456,0.09483727595183701,0.1593882419103015,0.25390625,256,65,0.25390625,256,65,2,0.26090225563909775
83,0.31930760313979295,0.27966304980548085,0.09471090157738829,0.15819936502823786,0.25390625,256,65,0.25390625,256,65,2,0.26165413533834586
84,0.3274041714921462,0.287567314716567,0.09461473924132575,0.15896897334440618,0.25390625,256,65,0.25390625,256,65,2,0.262406015037594
85,0.320712845805472,0.2812498545488425,0.09453695419087874,0.1574738153577906,0.25390625,256,65,0.25390625,256,65,2,0.2631578947368421
86,0.3266256572925939,0.287283950411113,0.09433790006205044,0.15698947539899202,0.25390625,256,65,0.25390625,256,65,2,0.2639097744360902
87,0.3320963635908819,0.29252507860681654,0.09440206142917143,0.15790752380822612,0.25390625,256,65,0.25390625,256,65,2,0.2646616541353384
88,0.3294636318377689,0.2899651396854789,0.09427969731324543,0.15761685173595902,0.25390625,256,65,0.25390625,256,65,2,0.2654135338345865
89,0.3204914442205851,0.28155113624787964,0.0941995206264268,0.15538443176619773,0.25390625,256,65,0.25390625,256,65,2,0.2661654135338346
90,0.3232223478566229,0.28421992617370806,0.09410405686471314,0.1556332765427311,0.25390625,256,65,0.25390625,256,65,2,0.2669172932330827
91,0.3235227753103307,0.2843761651125629,0.09405951670049566,0.15621019398744126,0.25390625,256,65,0.25390625,256,65,2,0.26766917293233083
92,0.3311777418166135,0.2919865253224837,0.09400156845824909,0.15638885152550924,0.25390625,256,65,0.25390625,256,65,2,0.26842105263157895
93,0.3302933866471316,0.29095959571083035,0.09396736765593554,0.15695929764646344,0.25390625,256,65,0.25390625,256,65,2,0.26917293233082706
94,0.3253905045247711,0.2862130292748983,0.0937449014292354,0.15633492237698715,0.25390625,256,65,0.25390625,256,65,2,0.2699248120300752
95,0.3287286513147101,0.2896116509110527,0.09361552961368476,0.15609354677453505,0.25390625,256,65,0.25390625,256,65,2,0.2706766917293233
96,0.32504623732735627,0.2859791417037491,0.09347546720399266,0.1558944770192678,0.25390625,256,65,0.25390625,256,65,2,0.27142857142857146
97,0.3307069938267227,0.291643182788275,0.09336891117612872,0.15588177081230467,0.25390625,256,65,0.25390625,256,65,2,0.2721804511278195
98,0.32709120570030886,0.2876323139773006,0.0932198714102264,0.15746268972886346,0.25390625,256,65,0.25390625,256,65,2,0.2729323308270677
99,0.3319318798263516,0.2928036885187689,0.09316124391239301,0.15614011474942738,0.25390625,256,65,0.25390625,256,65,2,0.2736842105263158
100,0.3280491087816458,0.2890165078956469,0.09305447320231294,0.15575818902095862,0.765625,256,196,0.765625,256,196,2,0.2744360902255639
101,0.3291171288068316,0.2900805027611488,0.09295600876871464,0.15577467366129952,0.765625,256,196,0.765625,256,196,2,0.27518796992481204
102,0.32440513688906103,0.2853072422795591,0.09290126447392776,0.15601998106040785,0.765625,256,196,0.765625,256,196,2,0.27593984962406015
103,0.32862073697347555,0.2892832365711178,0.09268339921151643,0.15697925847716035,0.765625,256,196,0.765625,256,196,2,0.27669172932330827
104,0.33146622104454887,0.2922787018845567,0.09254273633777568,0.15637990476283353,0.765625,256,196,0.765625,256,196,2,0.2774436090225564
105,0.32656638838548574,0.28730846519491315,0.09253533177934917,0.1566615464676798,0.765625,256,196,0.765625,256,196,2,0.2781954887218045
106,0.33583500427482404,0.296703323590017,0.09245920023031995,0.1561568859404167,0.765625,256,196,0.765625,256,196,2,0.2789473684210526
107,0.33859947231491055,0.29938597317817994,0.09233323511032931,0.15648466190405652,0.765625,256,196,0.765625,256,196,2,0.2796992481203008
108,0.33011711777838987,0.2909235709008917,0.09217290270381269,0.15640550759513822,0.765625,256,196,0.765625,256,196,2,0.2804511278195489
109,0.3368752274365552,0.2979064802680395,0.09206495282396807,0.15550673258515585,0.765625,256,196,0.765625,256,196,2,0.281203007518797
110,0.3350555639615101,0.2961200892397788,0.0920134741911846,0.15537384627139675,0.765625,256,196,0.765625,256,196,2,0.2819548872180451
111,0.3325042185266461,0.29360649174293585,0.09197050497858925,0.15522303280577196,0.765625,256,196,0.765625,256,196,2,0.28270676691729324
112,0.33495908197575963,0.29630990998934853,0.09171246691087706,0.15422983744503121,0.765625,256,196,0.765625,256,196,2,0.28345864661654135
113,0.33289250164432865,0.29368095416410833,0.09166168263264463,0.15647953603647452,0.765625,256,196,0.765625,256,196,2,0.28421052631578947
114,0.3281052116535406,0.28875029443112094,0.09147139698003245,0.15705377430514952,0.765625,256,196,0.765625,256,196,2,0.2849624060150376
115,0.3313426486158793,0.29225766553288013,0.0914332833042187,0.1559741957261499,0.765625,256,196,0.765625,256,196,2,0.2857142857142857
116,0.33423758027827843,0.29513617519256286,0.09138149913169641,0.1560400848367573,0.765625,256,196,0.765625,256,196,2,0.28646616541353387
117,0.3299091306671632,0.2909852810929307,0.09122073030577296,0.15533052081555393,0.765625,256,196,0.765625,256,196,2,0.28721804511278193
118,0.33419437653723016,0.29548215417735346,0.09102961869366401,0.15448477640088681,0.765625,256,196,0.765625,256,196,2,0.2879699248120301
119,0.332611601700825,0.2937610021470922,0.09108966153807345,0.15503804240606528,0.765625,256,196,0.765625,256,196,2,0.2887218045112782
120,0.33695161896469317,0.29805362079523307,0.09087004941121667,0.1552285149825358,0.765625,256,196,0.765625,256,196,2,0.2894736842105263
121,0.3338155754372082,0.29493010466077685,0.09065320547175619,0.15517926493049722,0.765625,256,196,0.765625,256,196,2,0.29022556390977444
122,0.3347831735041289,0.29590041671706513,0.09055448231180158,0.15516880431533914,0.765625,256,196,0.765625,256,196,2,0.29097744360902256
123,0.33587982116547305,0.29700901431847465,0.09042685683322164,0.15512151053521486,0.765625,256,196,0.765625,256,196,2,0.29172932330827067
124,0.3390945230437591,0.30004328581611667,0.0902559882507915,0.1558439218628723,0.765625,256,196,0.765625,256,196,2,0.2924812030075188
125,0.33491273659520443,0.29609809829070505,0.09039006158050182,0.154896998959305,0.765625,256,196,0.765625,256,196,2,0.2932330827067669
126,0.33697565084537573,0.2980329208405672,0.09018130218033242,0.15541020154425528,0.765625,256,196,0.765625,256,196,2,0.293984962406015
127,0.337662644354643,0.2990049979591792,0.08996185251569326,0.15427074812154853,0.765625,256,196,0.765625,256,196,2,0.2947368421052632
128,0.3357593845740884,0.29715503844539676,0.08989775372026242,0.15405779549505857,0.765625,256,196,0.765625,256,196,2,0.2954887218045113
129,0.3404917334560799,0.3019239278757467,0.08990207841966004,0.15391161141142382,0.765625,256,196,0.765625,256,196,2,0.2962406015037594
130,0.3443787269360196,0.3057791838603737,0.08989345664735389,0.15403861150277398,0.765625,256,196,0.765625,256,196,2,0.29699248120300753
131,0.3426971137523651,0.30367405316998475,0.0898570359676285,0.15573281287092022,0.765625,256,196,0.765625,256,196,2,0.29774436090225564
132,0.3401844406549909,0.301108528554967,0.08965273214652475,0.15594503402182486,0.765625,256,196,0.765625,256,196,2,0.29849624060150376
133,0.33317613786300726,0.29429098528570835,0.0894679622971906,0.15518273584610592,0.765625,256,196,0.765625,256,196,2,0.2992481203007519
134,0.3436940148868392,0.3049007605398651,0.08919629738130401,0.15481622767659414,0.765625,256,196,0.765625,256,196,2,0.3
135,0.33963706535575666,0.30077656140897124,0.08903837942444118,0.15508586484774023,0.765625,256,196,0.765625,256,196,2,0.3007518796992481
136,0.34172934531110577,0.3027839858447556,0.08890761692175823,0.15542580160946973,0.765625,256,196,0.765625,256,196,2,0.3015037593984963
137,0.3427055658756104,0.3038674517806652,0.08903473549712021,0.15499631875911646,0.765625,256,196,0.765625,256,196,2,0.30225563909774433
138,0.34406374711378485,0.30538733066183277,0.08891188597257159,0.1543500308705642,0.765625,256,196,0.765625,256,196,2,0.3030075187969925
139,0.340675381168855,0.3022459661011147,0.08883659535013469,0.15336232019209228,0.765625,256,196,0.765625,256,196,2,0.3037593984962406
140,0.33637367465854745,0.2979960297852491,0.08864271080335684,0.15315600794501008,0.765625,256,196,0.765625,256,196,2,0.30451127819548873
141,0.34483359200237074,0.30631750268218794,0.08860845698983269,0.15370991984299853,0.765625,256,196,0.765625,256,196,2,0.30526315789473685
142,0.348824992380311,0.31033695640817155,0.08851099864835232,0.15359809889202625,0.765625,256,196,0.765625,256,196,2,0.30601503759398496
143,0.3447843626537154,0.3061874305779955,0.08834923085121982,0.15403432761673377,0.765625,256,196,0.765625,256,196,2,0.3067669172932331
144,0.3410477896707248,0.3023332092350563,0.08828476170259239,0.15450518281586403,0.765625,256,196,0.765625,256,196,2,0.3075187969924812
145,0.347131572465981,0.30842258510863885,0.08825685697055496,0.1544829152062931,0.765625,256,196,0.765625,256,196,2,0.3082706766917293
146,0.34381585970389106,0.305102593735256,0.08818859494892897,0.15450030960867892,0.765625,256,196,0.765625,256,196,2,0.3090225563909774
147,0.34670449569162015,0.30789798287163794,0.08805994425727202,0.1548738056315785,0.765625,256,196,0.765625,256,196,2,0.3097744360902256
148,0.3519845109070297,0.3133250314050016,0.08795330475653167,0.1542861128011636,0.765625,256,196,0.765625,256,196,2,0.3105263157894737
149,0.35001285189548426,0.31133673082938235,0.08771352390799902,0.15435363602849234,0.765625,256,196,0.765625,256,196,2,0.3112781954887218
150,0.3509587330364548,0.312330262059659,0.08766525291499838,0.15416322094676768,0.765625,256,196,0.765625,256,196,2,0.31203007518796994
151,0.34765774776450303,0.30905499988425095,0.08765561779779671,0.15406036930801595,0.765625,256,196,0.765625,256,196,2,0.31278195488721805
152,0.34876157567564364,0.3100883391051166,0.08759967705844778,0.15434254903708938,0.765625,256,196,0.765625,256,196,2,0.31353383458646616
153,0.3400836356182014,0.3013899372478502,0.0874135835772067,0.15442513166803173,0.765625,256,196,0.765625,256,196,2,0.3142857142857143
154,0.5500779832358909,0.5109090261754736,0.0872838244633337,0.15632670379317967,0.765625,256,196,0.765625,256,196,4,0.2565217391304348
155,0.5393535829750837,0.5006134114434234,0.08705299782805738,0.15461246814348,0.765625,256,196,0.765625,256,196,4,0.2608695652173913
156,0.530680134760595,0.4917810279711158,0.08705479882459725,0.15524819770217996,0.765625,256,196,0.765625,256,196,4,0.26521739130434785
157,0.5309728049071489,0.492141049256367,0.08694863016099001,0.15497921987444954,0.765625,256,196,0.765625,256,196,4,0.26956521739130435
158,0.5272005192473926,0.48862799975724347,0.08684355508437198,0.15394270050842151,0.765625,256,196,0.765625,256,196,4,0.2739130434782609
159,0.5270231785499944,0.48879258980793233,0.08681184310564953,0.15257510028581703,0.765625,256,196,0.765625,256,196,4,0.2782608695652174
160,0.5281863721598566,0.49010094235428664,0.08678304918308173,0.15199457755131004,0.765625,256,196,0.765625,256,196,4,0.28260869565217395
161,0.534161685578591,0.49604088938341734,0.08664596581881025,0.15213659234279026,0.765625,256,196,0.765625,256,196,4,0.28695652173913044
162,0.5300361474530887,0.4921389063902661,0.08656435631281506,0.15124270385873,0.765625,256,196,0.765625,256,196,4,0.29130434782608694
163,0.5306250002004403,0.49285662306093536,0.0864913087107439,0.15072754486999682,0.765625,256,196,0.765625,256,196,4,0.2956521739130435
164,0.5322848621722871,0.4946859898292913,0.08664966295514487,0.15004887517574614,0.765625,256,196,0.765625,256,196,4,0.3
165,0.5384292164735035,0.5006837815837523,0.08653653182287131,0.1506355927053806,0.765625,256,196,0.765625,256,196,4,0.30434782608695654
166,0.5357854226521687,0.4978820030140666,0.0864164855627887,0.15126800603043716,0.765625,256,196,0.765625,256,196,4,0.30869565217391304
167,0.5377442965992784,0.49987889628494736,0.08633542469644968,0.15111626592357602,0.765625,256,196,0.765625,256,196,4,0.3130434782608696
168,0.5390597676808855,0.5017804674870145,0.0863173774122137,0.14877194614536995,0.765625,256,196,0.765625,256,196,4,0.3173913043478261
169,0.5402137323290901,0.5031685760590883,0.08613653263423295,0.1478360516835103,0.765625,256,196,0.765625,256,196,4,0.32173913043478264
170,0.5463208268701503,0.5093284225569362,0.086006424134284,0.14762558900149522,0.765625,256,196,0.765625,256,196,4,0.32608695652173914
171,0.5470240783374921,0.5100644046226434,0.08600499771073856,0.14749468572899305,0.765625,256,196,0.765625,256,196,4,0.33043478260869563
172,0.5493568867708729,0.5126663137853673,0.08586555277615522,0.14641883217655452,0.765625,256,196,0.765625,256,196,4,0.3347826086956522
173,0.5437859884933033,0.5067687005595823,0.08585805274480213,0.14772570133209229,0.765625,256,196,0.765625,256,196,4,0.33913043478260874
174,0.5554758505483645,0.5184363274447685,0.08577281375110676,0.1478149922548142,0.765625,256,196,0.765625,256,196,4,0.34347826086956523
175,0.5515300871524136,0.5145358437985446,0.08568597934414855,0.14763421927933143,0.765625,256,196,0.765625,256,196,4,0.34782608695652173
176,0.5514878087339148,0.5145100951194763,0.08565010222713504,0.1475682812454426,0.765625,256,196,0.765625,256,196,4,0.3521739130434783
177,0.5574996843274715,0.5202548517062601,0.08545394887966393,0.14863749705584703,0.765625,256,196,0.765625,256,196,4,0.3565217391304348
178,0.5676840446164123,0.5301755075961088,0.08555313733826696,0.14969190968348917,0.765625,256,196,0.765625,256,196,4,0.36086956521739133
179,0.5664093367821348,0.5280659768433698,0.08551469089183132,0.153031382017431,0.765625,256,196,0.765625,256,196,4,0.3652173913043478
180,0.5687891353020625,0.5311724646429045,0.0852855469668861,0.1501255486391287,0.765625,256,196,0.765625,256,196,4,0.3695652173913043
181,0.570500435027401,0.5336094875778772,0.08532358475227271,0.14722248911857605,0.765625,256,196,0.765625,256,196,4,0.3739130434782609
182,0.5750003246079504,0.5384102785481816,0.08523350683724985,0.1460192299785867,0.765625,256,196,0.765625,256,196,4,0.37826086956521743
183,0.5781913339036756,0.541706700768091,0.08506041455321607,0.14559829366945587,0.765625,256,196,0.765625,256,196,4,0.3826086956521739
184,0.5774200796026044,0.5408225708303198,0.08491761197822284,0.14605036311972458,0.765625,256,196,0.765625,256,196,4,0.3869565217391304
185,0.5828503765891083,0.5464696805034064,0.0846722157655564,0.1451841336963451,0.765625,256,196,0.765625,256,196,4,0.3913043478260869
186,0.5809541808820404,0.5447241579536843,0.0845867179795704,0.14458174871659912,0.765625,256,196,0.765625,256,196,4,0.3956521739130435
187,0.5845066926120657,0.5479038212679129,0.0844988707551914,0.14607349591972554,0.765625,256,196,0.765625,256,196,4,0.4
188,0.5849981571720765,0.5486436594376521,0.08444379309637357,0.14508022236085572,0.765625,256,196,0.765625,256,196,4,0.4043478260869565
189,0.5909805200268737,0.554797097908712,0.08429738068211395,0.1443964794146276,0.765625,256,196,0.765625,256,196,4,0.408695652173913
190,0.6005488022238807,0.5637371803806946,0.08423558246772901,0.14690953928284942,0.765625,256,196,0.765625,256,196,4,0.4130434782608696
191,0.5951300506043223,0.5584215426866987,0.08397497592774113,0.14649812362890327,0.765625,256,196,0.765625,256,196,4,0.4173913043478261
192,0.60359935343793,0.5671646046427499,0.08392896575737843,0.1454032820410433,0.765625,256,196,0.765625,256,196,4,0.4217391304347826
193,0.5989054755299492,0.5621663672206676,0.08381315248202434,0.14662115473662857,0.765625,256,196,0.765625,256,196,4,0.4260869565217391
194,0.6102372207472809,0.5734867593355938,0.083749450281658,0.14666686701563608,0.765625,256,196,0.765625,256,196,4,0.4304347826086956
195,0.6023340858189405,0.5659536030967679,0.08365530105291215,0.1451873005227705,0.765625,256,196,0.765625,256,196,4,0.4347826086956522
196,0.610172192079831,0.5740107150204414,0.08359666959901826,0.14431151866385367,0.765625,256,196,0.765625,256,196,4,0.4391304347826087
197,0.6088057350268407,0.5727848584673046,0.08332503316676722,0.14375024480102336,0.765625,256,196,0.765625,256,196,4,0.4434782608695652
198,0.6159354664583122,0.5799492360216326,0.08317408446980788,0.14361221943281394,0.765625,256,196,0.765625,256,196,4,0.4478260869565217
199,0.6137113993146778,0.5775572167033642,0.08307103120383963,0.14428443679239897,0.765625,256,196,0.765625,256,196,4,0.45217391304347826
200,0.6201267759356879,0.5840236164827263,0.08315963238741444,0.14408000486086955,0.45703125,256,117,0.45703125,256,117,4,0.4565217391304348
201,0.6284876170411574,0.5926016453093133,0.0831111558111368,0.14321142791119296,0.45703125,256,117,0.45703125,256,117,4,0.4608695652173913
202,0.6261269703375555,0.5897847846546004,0.08282263181378356,0.14503746077550195,0.45703125,256,117,0.45703125,256,117,4,0.46521739130434786
203,0.6291358523664221,0.5928927256470233,0.08272422955626935,0.14464161591192262,0.45703125,256,117,0.45703125,256,117,4,0.46956521739130436
204,0.6281020403963274,0.5920529228396121,0.08260524141050019,0.14386606387859951,0.45703125,256,117,0.45703125,256,117,4,0.47391304347826085
205,0.6306813628272673,0.5948449573685638,0.0824962678340684,0.14301563588391364,0.45703125,256,117,0.45703125,256,117,4,0.4782608695652174
206,0.6393213182424022,0.6035471178789055,0.08246764131879385,0.14276694381131536,0.45703125,256,117,0.45703125,256,117,4,0.4826086956521739
207,0.638292804228521,0.6025989240249702,0.08229157038494549,0.14244637697671367,0.45703125,256,117,0.45703125,256,117,4,0.48695652173913045
208,0.6482057861522236,0.6123845877900588,0.08207634816655016,0.14295647682341855,0.45703125,256,117,0.45703125,256,117,4,0.49130434782608695
209,0.6472872464002761,0.6114169781186939,0.08198306782055745,0.14315314327193573,0.45703125,256,117,0.45703125,256,117,4,0.4956521739130435
210,0.6542113592139388,0.6183361542963348,0.0819404665875224,0.14317307258601739,0.45703125,256,117,0.45703125,256,117,4,0.5
211,0.4494972579774603,0.4141372481806088,0.08183191980408357,0.1411127230498643,0.45703125,256,117,0.45703125,256,117,5,0.2
212,0.4419937925001161,0.40730344009610403,0.08184534812395551,0.1384340361156295,0.45703125,256,117,0.45703125,256,117,5,0.20434782608695654
213,0.4400064391372478,0.4053419812590675,0.08191663969670777,0.13833015576928062,0.45703125,256,117,0.45703125,256,117,5,0.20869565217391306
214,0.43941486541148833,0.4047192345678279,0.08186815791161714,0.13845505677493272,0.45703125,256,117,0.45703125,256,117,5,0.21304347826086958
215,0.4435729223542509,0.40910516375988987,0.08187081335128936,0.13754354298642252,0.45703125,256,117,0.45703125,256,117,5,0.2173913043478261
216,0.44478549261008743,0.41029139588364455,0.08182028733787283,0.137649102284845,0.45703125,256,117,0.45703125,256,117,5,0.2217391304347826
217,0.4429344611357799,0.4085070617431033,0.08165692505055824,0.13738297031516522,0.45703125,256,117,0.45703125,256,117,5,0.22608695652173913
218,0.44733793888471823,0.4129106320638572,0.0816578087026039,0.13738259172017595,0.45703125,256,117,0.45703125,256,117,5,0.23043478260869565
219,0.4487258042909403,0.4141742740057211,0.08149991191066472,0.13788012052531792,0.45703125,256,117,0.45703125,256,117,5,0.23478260869565218
220,0.4582638144493103,0.42352428583972224,0.08153955855991989,0.1386319491188083,0.45703125,256,117,0.45703125,256,117,5,0.2391304347826087
221,0.4543985901153193,0.41952667352372564,0.08145245804195911,0.13916185432303269,0.45703125,256,117,0.45703125,256,117,5,0.24347826086956523
222,0.4609552495247495,0.4260832728010363,0.08138578582917695,0.13916236729221007,0.45703125,256,117,0.45703125,256,117,5,0.24782608695652175
223,0.4654605578532261,0.43065821570632734,0.08127399672449162,0.1388842659977685,0.45703125,256,117,0.45703125,256,117,5,0.25217391304347825
224,0.4588835537433624,0.4241657636861886,0.08110141391511512,0.13854675865278834,0.45703125,256,117,0.45703125,256,117,5,0.2565217391304348
225,0.4649973909939285,0.43033355922825567,0.08090833178927413,0.13833169691858038,0.45703125,256,117,0.45703125,256,117,5,0.2608695652173913
226,0.47005616168005276,0.43523473312369493,0.08089489918366997,0.13896213155404658,0.45703125,256,117,0.45703125,256,117,5,0.26521739130434785
227,0.4772801987365284,0.44235207180006314,0.08078336603609862,0.13938937804340262,0.45703125,256,117,0.45703125,256,117,5,0.26956521739130435
228,0.47636803325298616,0.4415660466240571,0.08065955360642577,0.13888531844172858,0.45703125,256,117,0.45703125,256,117,5,0.2739130434782609
229,0.4759166037614367,0.4409353585369819,0.08071088388694071,0.139602141965807,0.45703125,256,117,0.45703125,256,117,5,0.2782608695652174
230,0.4766601701225855,0.44196066919681243,0.08063886242102733,0.13847543681617333,0.45703125,256,117,0.45703125,256,117,5,0.28260869565217395
231,0.4808693045535974,0.44618284702301025,0.08066924219637846,0.13842315721300852,0.45703125,256,117,0.45703125,256,117,5,0.28695652173913044
232,0.48188782160261034,0.4471367645052682,0.08045463567286466,0.1386824035275299,0.45703125,256,117,0.45703125,256,117,5,0.29130434782608694
233,0.48888794009664416,0.4540677787983312,0.08059385089220199,0.13895826806536818,0.45703125,256,117,0.45703125,256,117,5,0.2956521739130435
234,0.49400859965687305,0.45933003209333506,0.08034976242126617,0.13839288029523023,0.45703125,256,117,0.45703125,256,117,5,0.3
235,0.5017720761552321,0.46636172100505996,0.08022491389934995,0.14132050681958155,0.45703125,256,117,0.45703125,256,117,5,0.30434782608695654
236,0.5013873532282568,0.4660778815767406,0.08014311832664288,0.14091730882636214,0.45703125,256,117,0.45703125,256,117,5,0.30869565217391304
237,0.4993965707521523,0.46450702015277556,0.08000615872113051,0.13923815947718324,0.45703125,256,117,0.45703125,256,117,5,0.3130434782608696
238,0.5067431393977815,0.47200311417073276,0.07998711642174594,0.13864015293332327,0.45703125,256,117,0.45703125,256,117,5,0.3173913043478261
239,0.5032290101578806,0.468405229327953,0.07981098654259623,0.13897587055653599,0.45703125,256,117,0.45703125,256,117,5,0.32173913043478264
240,0.5113465055427721,0.4763907275896157,0.07974438178064548,0.1395041345231301,0.45703125,256,117,0.45703125,256,117,5,0.32608695652173914
241,0.5126661497407254,0.4777317724924172,0.07970194815270669,0.13941870379236948,0.45703125,256,117,0.45703125,256,117,5,0.33043478260869563
242,0.5142456575305061,0.47940894908609644,0.07962264344755528,0.13902834954514967,0.45703125,256,117,0.45703125,256,117,5,0.3347826086956522
243,0.5251547733766843,0.4897613549126988,0.07934931883242279,0.14125627384776562,0.45703125,256,117,0.45703125,256,117,5,0.33913043478260874
244,0.5269851737317786,0.4917466693219885,0.07928861875449662,0.14063687266501707,0.45703125,256,117,0.45703125,256,117,5,0.34347826086956523
245,0.5317144407107767,0.496449146123059,0.07909720714113354,0.14074479056670602,0.45703125,256,117,0.45703125,256,117,5,0.34782608695652173
246,0.5345187624998852,0.499542567582257,0.07913110774438993,0.13958824696266545,0.45703125,256,117,0.45703125,256,117,5,0.3521739130434783
247,0.5315940166469169,0.49674332352866113,0.07906025133829202,0.13908653910708638,0.45703125,256,117,0.45703125,256,117,5,0.3565217391304348
248,0.5379821114835486,0.5027423783213691,0.0789605204378609,0.1406430910646388,0.45703125,256,117,0.45703125,256,117,5,0.36086956521739133
249,0.5439611195990469,0.5087501261614066,0.07882903021785011,0.14052865476207396,0.45703125,256,117,0.45703125,256,117,5,0.3652173913043478
250,0.548201445720892,0.5129908924609159,0.07890252571190352,0.1405266212151114,0.45703125,256,117,0.45703125,256,117,5,0.3695652173913043
251,0.5454943567778157,0.5101353452268955,0.07865249596338357,0.14112144524017267,0.45703125,256,117,0.45703125,256,117,5,0.3739130434782609
252,0.5518298233504844,0.5166983467287722,0.07840670757325349,0.14021228517578765,0.45703125,256,117,0.45703125,256,117,5,0.37826086956521743
253,0.5476147202791366,0.5127758135837791,0.07839860463828112,0.13904203329466086,0.45703125,256,117,0.45703125,256,117,5,0.3826086956521739
254,0.5549444221289812,0.5200598896604723,0.07827401154600414,0.13922502575194942,0.45703125,256,117,0.45703125,256,117,5,0.3869565217391304
255,0.5594101260721156,0.5245163398506367,0.07820244924684541,0.13926232863316493,0.45703125,256,117,0.45703125,256,117,5,0.3913043478260869
256,0.5569560198129806,0.5220553566396764,0.07805195516717117,0.1392904185088335,0.45703125,256,117,0.45703125,256,117,5,0.3956521739130435
257,0.5612731080139632,0.5264295392331824,0.07803089151867723,0.1390621643678277,0.45703125,256,117,0.45703125,256,117,5,0.4
258,0.5714738608989041,0.5361640395316403,0.07800661423037537,0.1409272645163325,0.45703125,256,117,0.45703125,256,117,5,0.4043478260869565
259,0.5693750568723257,0.5339340063850436,0.07800278858800905,0.14145221238115194,0.45703125,256,117,0.45703125,256,117,5,0.408695652173913
260,0.5735389418834078,0.5378168093419708,0.0779131159713838,0.14257687026948002,0.45703125,256,117,0.45703125,256,117,5,0.4130434782608696
261,0.5786855305190635,0.5432473378898823,0.07767107746506159,0.14144209159159027,0.45703125,256,117,0.45703125,256,117,5,0.4173913043478261
262,0.5775549174410052,0.5424815202708793,0.07754563480879353,0.13998341652671847,0.45703125,256,117,0.45703125,256,117,5,0.4217391304347826
263,0.5919947083544942,0.5568651243121223,0.07747047335173177,0.14020842564316977,0.45703125,256,117,0.45703125,256,117,5,0.4260869565217391
264,0.5885533772211159,0.5536987836909505,0.07746263903326693,0.1391085176605039,0.45703125,256,117,0.45703125,256,117,5,0.4304347826086956
265,0.5870792546630961,0.5524516743896282,0.07729558138984495,0.13820113096616965,0.45703125,256,117,0.45703125,256,117,5,0.4347826086956522
266,0.5934453817595423,0.5585896691917318,0.07702251457798798,0.13911475663164022,0.45703125,256,117,0.45703125,256,117,5,0.4391304347826087
267,0.5956987002782063,0.560696769077166,0.07695808703393008,0.13969987947328955,0.45703125,256,117,0.45703125,256,117,5,0.4434782608695652
268,0.5958656320529702,0.5610027816970792,0.07684658428209018,0.13914401156712422,0.45703125,256,117,0.45703125,256,117,5,0.4478260869565217
269,0.6003796157583726,0.5655761925520095,0.07680151156619587,0.1389065024863302,0.45703125,256,117,0.45703125,256,117,5,0.45217391304347826
270,0.6072226514858482,0.5723334880529252,0.07666885371493028,0.1392499867793733,0.45703125,256,117,0.45703125,256,117,5,0.4565217391304348
271,0.6190454073711834,0.5833416860715478,0.07656757968716917,0.1425086073907076,0.45703125,256,117,0.45703125,256,117,5,0.4608695652173913
272,0.6136359904719665,0.5783461954741351,0.0765249644760537,0.14085304657969855,0.45703125,256,117,0.45703125,256,117,5,0.46521739130434786
273,0.6192862433669841,0.5838847223636323,0.07634582251837824,0.14130072124236454,0.45703125,256,117,0.45703125,256,117,5,0.46956521739130436
274,0.6174311606229934,0.5819808065363791,0.07616638069131733,0.1414967523475664,0.45703125,256,117,0.45703125,256,117,5,0.47391304347826085
275,0.6204426061790601,0.5855151921246959,0.07614283197748978,0.13940508901017956,0.45703125,256,117,0.45703125,256,117,5,0.4782608695652174
276,0.6302236128697353,0.5950979885801805,0.07613801461669197,0.14019794195099214,0.45703125,256,117,0.45703125,256,117,5,0.4826086956521739
277,0.6272523102507127,0.5926883642652393,0.07606268113693304,0.13795152201061756,0.45703125,256,117,0.45703125,256,117,5,0.48695652173913045
278,0.6357108291271514,0.601273428022334,0.07588102279511173,0.13744608846913398,0.45703125,256,117,0.45703125,256,117,5,0.49130434782608695
279,0.6305350276221217,0.5960526086587822,0.07571000816811503,0.13762684799401106,0.45703125,256,117,0.45703125,256,117,5,0.4956521739130435
280,0.6365615736066768,0.6019322719194192,0.07565232353136603,0.13821459726422233,0.45703125,256,117,0.45703125,256,117,5,0.5
281,0.43843123738744616,0.4041358976237542,0.07565561714953026,0.136878727679759,0.45703125,256,117,0.45703125,256,117,6,0.2
282,0.4332113616761908,0.39942685613590007,0.07566134479984774,0.1348353703465082,0.45703125,256,117,0.45703125,256,117,6,0.20434782608695654
283,0.4290907783845885,0.39546032210366916,0.07568694242333944,0.13421907401190394,0.45703125,256,117,0.45703125,256,117,6,0.20869565217391306
284,0.43077241108480807,0.3972860492963706,0.07591093898610732,0.13364180276351692,0.45703125,256,117,0.45703125,256,117,6,0.21304347826086958
285,0.43713192654921945,0.40370562646241315,0.07603562267216961,0.13340106342746094,0.45703125,256,117,0.45703125,256,117,6,0.2173913043478261
286,0.4383019237919191,0.4046313063760774,0.07608916115971794,0.13437812056689136,0.45703125,256,117,0.45703125,256,117,6,0.2217391304347826
287,0.438690871791502,0.404959403308092,0.07587754792344253,0.13462236193956528,0.45703125,256,117,0.45703125,256,117,6,0.22608695652173913
288,0.4393862902590659,0.40581589989957556,0.07588409256618635,0.1339780365207554,0.45703125,256,117,0.45703125,256,117,6,0.23043478260869565
289,0.4492283255125569,0.4152669236723301,0.07594258081069034,0.1355418337393651,0.45703125,256,117,0.45703125,256,117,6,0.23478260869565218
290,0.44036896540000375,0.4064120470950034,0.07601560691816617,0.13552361885003283,0.45703125,256,117,0.45703125,256,117,6,0.2391304347826087
291,0.45264987818962704,0.4183200521279225,0.0759160973593197,0.13701564759279775,0.45703125,256,117,0.45703125,256,117,6,0.24347826086956523
292,0.4501613127974282,0.41619881934824243,0.07600411106791116,0.13554595516318768,0.45703125,256,117,0.45703125,256,117,6,0.24782608695652175
293,0.4523421581340047,0.41845986616294994,0.07588562791326404,0.1352256267471651,0.45703125,256,117,0.45703125,256,117,6,0.25217391304347825
294,0.4612419789871283,0.427432715365317,0.07588990863445585,0.13493349607539387,0.45703125,256,117,0.45703125,256,117,6,0.2565217391304348
295,0.4608150240594307,0.4268390749935555,0.0759120706172116,0.13560014870841947,0.45703125,256,117,0.45703125,256,117,6,0.2608695652173913
296,0.46064413042195074,0.426654433254647,0.07573910466337626,0.1356558348752756,0.45703125,256,117,0.45703125,256,117,6,0.26521739130434785
297,0.46549226409566086,0.4313041926485247,0.07576863513847368,0.13644920487319473,0.45703125,256,117,0.45703125,256,117,6,0.26956521739130435
298,0.4699853911864019,0.43583437694912464,0.07571469873717401,0.13630119730940962,0.45703125,256,117,0.45703125,256,117,6,0.2739130434782609
299,0.4747256979478144,0.4406404561173599,0.07574199515897616,0.13603800469267685,0.45703125,256,117,0.45703125,256,117,6,0.2782608695652174
300,0.46963819096573683,0.4354221881490893,0.0756887564089446,0.13656126266032192,0.55859375,256,143,0.55859375,256,143,6,0.28260869565217395
301,0.48169936041916367,0.4477250710525344,0.07567705062374605,0.13559444209115695,0.55859375,256,143,0.55859375,256,143,6,0.28695652173913044
302,0.47825197941434067,0.44429309995828475,0.07555743089291901,0.13553330078061704,0.55859375,256,143,0.55859375,256,143,6,0.29130434782608694
303,0.4890571181225566,0.45504056220561,0.07538542520683424,0.1357646875940593,0.55859375,256,143,0.55859375,256,143,6,0.2956521739130435
304,0.48792150300160975,0.4538777088169503,0.07531187676750453,0.13587391481990307,0.55859375,256,143,0.55859375,256,143,6,0.3
305,0.48945045497565143,0.4552436178236936,0.07522137054299886,0.13652647227312611,0.55859375,256,143,0.55859375,256,143,6,0.30434782608695654
306,0.49851504311097405,0.46407635364912253,0.07511530071496964,0.13745429874521442,0.55859375,256,143,0.55859375,256,143,6,0.30869565217391304
307,0.49438011540775806,0.4600354678335443,0.07493565963432852,0.1370788430218148,0.55859375,256,143,0.55859375,256,143,6,0.3130434782608696
308,0.5004560870934377,0.4661918931302771,0.07490646990790831,0.13675714805062894,0.55859375,256,143,0.55859375,256,143,6,0.3173913043478261
309,0.499862095950979,0.4657022910835469,0.07491229072345042,0.1363395606785749,0.55859375,256,143,0.55859375,256,143,6,0.32173913043478264
310,0.5091015857405368,0.4749350468669317,0.07492138280541497,0.13636647441745858,0.55859375,256,143,0.55859375,256,143,6,0.32608695652173914
311,0.5107740514573798,0.47643899706612647,0.07489361989814623,0.13704064870830132,0.55859375,256,143,0.55859375,256,143,6,0.33043478260869563
312,0.5063454419110729,0.4719416425291416,0.07467149033219414,0.1373165008504834,0.55859375,256,143,0.55859375,256,143,6,0.3347826086956522
313,0.5175790857952253,0.48300248489970654,0.07467700633327518,0.13800770387185357,0.55859375,256,143,0.55859375,256,143,6,0.33913043478260874
314,0.5171034169935547,0.4825264677009751,0.07459187863674839,0.1380094281867542,0.55859375,256,143,0.55859375,256,143,6,0.34347826086956523
315,0.5181103314446137,0.4836062306323938,0.07458558883023474,0.13771807422152663,0.55859375,256,143,0.55859375,256,143,6,0.34782608695652173
316,0.5237536314314446,0.4891306958367339,0.07465510828568872,0.13819311967993206,0.55859375,256,143,0.55859375,256,143,6,0.3521739130434783
317,0.5258658254041081,0.4910609337080896,0.07440161368751948,0.1389219473421046,0.55859375,256,143,0.55859375,256,143,6,0.3565217391304348
318,0.5302322171958147,0.4955765726292028,0.07429005495742359,0.13832541970552598,0.55859375,256,143,0.55859375,256,143,6,0.36086956521739133
319,0.5379446291290553,0.5027357843597379,0.07412462740872813,0.1405388857938547,0.55859375,256,143,0.55859375,256,143,6,0.3652173913043478
320,0.538945483159175,0.5037929233724037,0.07414340465205961,0.1403136774238232,0.55859375,256,143,0.55859375,256,143,6,0.3695652173913043
321,0.5360794077932307,0.5014242274043834,0.07394636923496702,0.13832492823094394,0.55859375,256,143,0.55859375,256,143,6,0.3739130434782609
322,0.5494658340395024,0.5147794150145708,0.07381981209052348,0.13845040523900395,0.55859375,256,143,0.55859375,256,143,6,0.37826086956521743
323,0.5556483983466055,0.5210302675192335,0.0737906010013766,0.13817736440527756,0.55859375,256,143,0.55859375,256,143,6,0.3826086956521739
324,0.553910611213836,0.5191042824129087,0.07373974584372697,0.1389303675531286,0.55859375,256,143,0.55859375,256,143,6,0.3869565217391304
325,0.5527713180115793,0.5183081745573904,0.073634572327137,0.1375580387832844,0.55859375,256,143,0.55859375,256,143,6,0.3913043478260869
326,0.5531198010507938,0.5187632190970193,0.07360120361621401,0.1371319303206638,0.55859375,256,143,0.55859375,256,143,6,0.3956521739130435
327,0.5635038732954886,0.5291036119503257,0.0734380129559905,0.13730730960326912,0.55859375,256,143,0.55859375,256,143,6,0.4
328,0.5634553134441376,0.529096143435588,0.07331957536197342,0.13714340263235886,0.55859375,256,143,0.55859375,256,143,6,0.4043478260869565
329,0.5668075345786272,0.5323122048799971,0.07326870095149605,0.13768824882211939,0.55859375,256,143,0.55859375,256,143,6,0.408695652173913
330,0.5759553975236099,0.541311382192426,0.07319509112729436,0.13828326695788223,0.55859375,256,143,0.55859375,256,143,6,0.4130434782608696
331,0.5743884589292306,0.5398851039662825,0.07329609647261358,0.1377202540108588,0.55859375,256,143,0.55859375,256,143,6,0.4173913043478261
332,0.5844737412655248,0.5497752900144696,0.07315652665838732,0.13850115833029283,0.55859375,256,143,0.55859375,256,143,6,0.4217391304347826
333,0.5882091909910725,0.5529658831326307,0.0729984494700896,0.14068123975158792,0.55859375,256,143,0.55859375,256,143,6,0.4260869565217391
334,0.5840978559139556,0.5492231948713285,0.07309331949305746,0.13920628628899565,0.55859375,256,143,0.55859375,256,143,6,0.4304347826086956
335,0.5918685392995852,0.5569776396835799,0.07297357092652701,0.1392717029141114,0.55859375,256,143,0.55859375,256,143,6,0.4347826086956522
336,0.5886635279233476,0.5534925526749771,0.07292562571510805,0.14039219362018382,0.55859375,256,143,0.55859375,256,143,6,0.4391304347826087
337,0.595710255930909,0.5609031773246496,0.07273275517256914,0.13893738085717228,0.55859375,256,143,0.55859375,256,143,6,0.4434782608695652
338,0.6034223057527458,0.5685163124472694,0.07253311989845428,0.13933384985522887,0.55859375,256,143,0.55859375,256,143,6,0.4478260869565217
339,0.6040892326726323,0.5693528151090166,0.0723754207776711,0.13865616587938462,0.55859375,256,143,0.55859375,256,143,6,0.45217391304347826
340,0.6056690677604845,0.5710430757134362,0.07233746949814063,0.13821462667093867,0.55859375,256,143,0.55859375,256,143,6,0.4565217391304348
341,0.6070520645749252,0.5724847403775274,0.07229148972350939,0.13798012749283714,0.55859375,256,143,0.55859375,256,143,6,0.4608695652173913
342,0.617225044069037,0.5824212964657134,0.07237161267383964,0.13892549131296378,0.55859375,256,143,0.55859375,256,143,6,0.46521739130434786
343,0.61312805076616,0.5782853291097996,0.07216991187460654,0.13908219522079535,0.55859375,256,143,0.55859375,256,143,6,0.46956521739130436
344,0.621301932145009,0.5867051149891541,0.07219697310861233,0.138098477789786,0.55859375,256,143,0.55859375,256,143,6,0.47391304347826085
345,0.6300083356620991,0.5957382574545599,0.07204236439635268,0.1367921358452434,0.55859375,256,143,0.55859375,256,143,6,0.4782608695652174
346,0.6277865788577932,0.5934005759458626,0.07205721795295192,0.13725579998134513,0.55859375,256,143,0.55859375,256,143,6,0.4826086956521739
347,0.6365409240258478,0.6015009880065918,0.07201065393412008,0.13987170489488449,0.55859375,256,143,0.55859375,256,143,6,0.48695652173913045
348,0.6330464382087235,0.5983170286744042,0.0720069310174579,0.1386296250651368,0.55859375,256,143,0.55859375,256,143,6,0.49130434782608695
349,0.6354760828271376,0.6009246817732279,0.0718631581526942,0.13791815514585612,0.55859375,256,143,0.55859375,256,143,6,0.4956521739130435
350,0.6389925585383862,0.6041021816498411,0.07182743756380756,0.13927418732010158,0.35546875,256,91,0.35546875,256,91,6,0.5
351,0.5745982023994479,0.540099927018174,0.07179517338497449,0.13770594098399172,0.35546875,256,91,0.35546875,256,91,3,0.4261306532663317
352,0.5719136139460369,0.5380139540782017,0.07178830131229046,0.13531146930382315,0.35546875,256,91,0.35546875,256,91,3,0.42763819095477384
353,0.5745332454685617,0.5406765792749625,0.0718335558750988,0.1351393335952168,0.35546875,256,91,0.35546875,256,91,3,0.4291457286432161
354,0.574250690441216,0.5404583015273102,0.0717351907386189,0.13488260017032117,0.35546875,256,91,0.35546875,256,91,3,0.4306532663316583
355,0.5709109200840503,0.5373986542752359,0.07171538894155384,0.13376221575040734,0.35546875,256,91,0.35546875,256,91,3,0.4321608040201005
356,0.5687575902031586,0.5353829702444836,0.07175564436258468,0.13321145182162258,0.35546875,256,91,0.35546875,256,91,3,0.43366834170854274
357,0.5736475782056826,0.5402434995744081,0.07173327567566813,0.1333293788200986,0.35546875,256,91,0.35546875,256,91,3,0.4351758793969849
358,0.5775540893056751,0.5443141162395477,0.0717299890465441,0.13267297831784308,0.35546875,256,91,0.35546875,256,91,3,0.43668341708542713
359,0.5773360644821572,0.5441310651006952,0.07188015919079822,0.13253245219192675,0.35546875,256,91,0.35546875,256,91,3,0.4381909547738694
360,0.5804548587946765,0.5472852875173619,0.0718777462576343,0.13239073872038748,0.35546875,256,91,0.35546875,256,91,3,0.4396984924623116
361,0.5776995892545819,0.544475035593573,0.0719168385968799,0.13261054799092553,0.35546875,256,91,0.35546875,256,91,3,0.44120603015075377
362,0.5808357577935784,0.547075389497048,0.07201159257540661,0.13475343993807262,0.35546875,256,91,0.35546875,256,91,3,0.44271356783919597
363,0.5730779883080879,0.5396229659034087,0.07192129668145053,0.13353240661389004,0.35546875,256,91,0.35546875,256,91,3,0.44422110552763816
364,0.5769867013513514,0.5438978827632635,0.07195649474068025,0.13206745723707486,0.35546875,256,91,0.35546875,256,91,3,0.4457286432160804
365,0.5754132967079635,0.5422758787079195,0.0719402190462678,0.13226188152237275,0.35546875,256,91,0.35546875,256,91,3,0.4472361809045226
366,0.5826946533886732,0.5498269197687639,0.07188213069354539,0.13118340681611965,0.35546875,256,91,0.35546875,256,91,3,0.4487437185929648
367,0.5854353648898876,0.5521468356647322,0.07181064896615205,0.13286686194154013,0.35546875,256,91,0.35546875,256,91,3,0.450251256281407
368,0.5822900702468062,0.5492190375792242,0.07189394157808439,0.13199656977590207,0.35546875,256,91,0.35546875,256,91,3,0.45175879396984925
369,0.5902584108103693,0.557534578099715,0.07188536035539829,0.13060777614601946,0.35546875,256,91,0.35546875,256,91,3,0.45326633165829144
370,0.5830510511862493,0.5504629783398283,0.07186388072714342,0.13006483822797252,0.35546875,256,91,0.35546875,256,91,3,0.4547738693467337
371,0.5829191360853415,0.550260085711437,0.07179480375705567,0.1303490447787057,0.35546875,256,91,0.35546875,256,91,3,0.4562814070351759
372,0.5799252657236251,0.5472502307554262,0.07179097086191177,0.13041297906795435,0.35546875,256,91,0.35546875,256,91,3,0.4577889447236181
373,0.5907538079582484,0.5580602504510795,0.07175885358479171,0.1304871765649424,0.35546875,256,91,0.35546875,256,91,3,0.4592964824120603
374,0.5927347983934182,0.5602185894957686,0.0718203922156739,0.1297775683677302,0.35546875,256,91,0.35546875,256,91,3,0.46080402010050253
375,0.5856737884799991,0.5532558309820901,0.07173683408614809,0.12938489296794992,0.35546875,256,91,0.35546875,256,91,3,0.4623115577889447
376,0.5911534138485394,0.5589039676484808,0.07187123464799561,0.12871031449959341,0.35546875,256,91,0.35546875,256,91,3,0.4638190954773869
377,0.5951610708658674,0.5626266129248965,0.07182288875358295,0.12985052643096553,0.35546875,256,91,0.35546875,256,91,3,0.4653266331658292
378,0.5947698228127134,0.5623261058225041,0.07189928423778146,0.1294872776596947,0.35546875,256,91,0.35546875,256,91,3,0.46683417085427137
379,0.5943753510977314,0.5620530260875162,0.07194481968088487,0.12900150969492652,0.35546875,256,91,0.35546875,256,91,3,0.46834170854271356
380,0.5951092198359228,0.562821113957768,0.07182077140407225,0.12886512991601387,0.35546875,256,91,0.35546875,256,91,3,0.46984924623115576
381,0.5979821987911663,0.5650311283833158,0.07168747491277425,0.13151754135579136,0.35546875,256,91,0.35546875,256,91,3,0.471356783919598
382,0.603355174571012,0.570726528368165,0.07174274444052603,0.1302276108644705,0.35546875,256,91,0.35546875,256,91,3,0.4728643216080402
383,0.4610255840605339,0.4284296447196893,0.07155628996876488,0.1300975284745208,0.35546875,256,91,0.35546875,256,91,3,0.2822742474916388
384,0.4647639945017553,0.4324571144791831,0.0715570464994,0.12894129014648167,0.35546875,256,91,0.35546875,256,91,3,0.28327759197324415
385,0.464884567577227,0.43260144343418355,0.07162483036518097,0.1288460106712527,0.35546875,256,91,0.35546875,256,91,3,0.28428093645484953
386,0.4724880725936552,0.4400363029104418,0.07176413492555112,0.12952002632406961,0.35546875,256,91,0.35546875,256,91,3,0.28528428093645486
387,0.4607268289654656,0.4282785047472051,0.0718091074871806,0.1295060620898694,0.35546875,256,91,0.35546875,256,91,3,0.2862876254180602
388,0.48833070101991166,0.4557828346712399,0.07183673661367028,0.12990411680884065,0.35546875,256,91,0.35546875,256,91,4,0.3264150943396227
389,0.491396050537582,0.4588531801658394,0.07183886675444325,0.12988413738465943,0.35546875,256,91,0.35546875,256,91,4,0.32830188679245287
390,0.48940206839975003,0.4570783271198779,0.07167906953697711,0.1290082601846847,0.35546875,256,91,0.35546875,256,91,4,0.33018867924528306
391,0.4893431863953582,0.4570289652431961,0.07166707542090289,0.12897021712455076,0.35546875,256,91,0.35546875,256,91,4,0.33207547169811324
392,0.48935660245144263,0.45713015124861117,0.07177110787777774,0.1286187406662291,0.35546875,256,91,0.35546875,256,91,4,0.33396226415094343
393,0.49326521896683007,0.46080746877509937,0.07168269777192479,0.12954426853530174,0.35546875,256,91,0.35546875,256,91,4,0.3358490566037736
394,0.4940363872895199,0.4615125083817845,0.0715684025688509,0.12980924546718597,0.35546875,256,91,0.35546875,256,91,4,0.3377358490566038
395,0.49958310322423954,0.46711156167815215,0.07149857051868354,0.1296001766371516,0.35546875,256,91,0.35546875,256,91,4,0.339622641509434
396,0.4997296929359436,0.4672478579841884,0.07152119061324448,0.1296412571605328,0.35546875,256,91,0.35546875,256,91,4,0.3415094339622642
397,0.5047980008927067,0.4724086354264116,0.07156852612980699,0.12927119117395014,0.35546875,256,91,0.35546875,256,91,4,0.3433962264150944
398,0.5042785551168222,0.47174297523709524,0.07174124871998762,0.12985535955007096,0.35546875,256,91,0.35546875,256,91,4,0.34528301886792456
399,0.49658370439985156,0.46389477680214736,0.07167295465427162,0.13046901969783073,0.35546875,256,91,0.35546875,256,91,4,0.34716981132075475
400,0.5004749464250244,0.4676469738504528,0.07166404494669586,0.13102525274837967,0.47265625,256,121,0.47265625,256,121,4,0.34905660377358494
401,0.5014645678807149,0.4686031447047681,0.07153187896561834,0.13115956667250236,0.47265625,256,121,0.47265625,256,121,4,0.3509433962264151
402,0.5000628428121584,0.4674070804519991,0.07139252567976977,0.1303374851699424,0.47265625,256,121,0.47265625,256,121,4,0.3528301886792453
403,0.5082823892610263,0.4756540751035235,0.07151821440300055,0.1302271941594318,0.47265625,256,121,0.47265625,256,121,4,0.3547169811320755
404,0.5126179934075449,0.4800326038250881,0.07149570923199695,0.1300555832881843,0.47265625,256,121,0.47265625,256,121,4,0.3566037735849057
405,0.5080786107388218,0.4748912820246367,0.07159711249106754,0.13246293814308877,0.47265625,256,121,0.47265625,256,121,4,0.3584905660377359
406,0.5131813714989518,0.4803783115559975,0.07143768272568694,0.13092648165415874,0.47265625,256,121,0.47265625,256,121,4,0.36037735849056607
407,0.5086386683767876,0.47576247722701687,0.07143772848411999,0.13121903140460495,0.47265625,256,121,0.47265625,256,121,4,0.36226415094339626
408,0.5063591356826039,0.47370881369683593,0.07160978058798123,0.1303148497786142,0.47265625,256,121,0.47265625,256,121,4,0.36415094339622645
409,0.5058571920458195,0.47344823959654414,0.07150432981748496,0.12934980983227756,0.47265625,256,121,0.47265625,256,121,4,0.36603773584905663
410,0.5231884443654423,0.49089323867738777,0.0715397794821621,0.12889465808340933,0.47265625,256,121,0.47265625,256,121,4,0.3679245283018868
411,0.5207032970095102,0.4884381616010075,0.07158884643453413,0.12877419366773252,0.47265625,256,121,0.47265625,256,121,4,0.369811320754717
412,0.5181600506854268,0.4858537118519302,0.07161434476090743,0.12893889897165045,0.47265625,256,121,0.47265625,256,121,4,0.3716981132075472
413,0.5235411595981733,0.49095785802444525,0.0714654618528037,0.1300473337152363,0.47265625,256,121,0.47265625,256,121,4,0.3735849056603774
414,0.5199433784041785,0.4875011968929156,0.07143577814629648,0.1294829937736545,0.47265625,256,121,0.47265625,256,121,4,0.3754716981132076
415,0.5257798333083634,0.4931014475569261,0.0714502604925527,0.1304277465143035,0.47265625,256,121,0.47265625,256,121,4,0.37735849056603776
416,0.5246607990918961,0.49197481374825,0.07138233730750801,0.13045840044464685,0.47265625,256,121,0.47265625,256,121,4,0.37924528301886795
417,0.5211622767743811,0.48836589228790417,0.07130475098316648,0.13090032853383934,0.47265625,256,121,0.47265625,256,121,4,0.38113207547169814
418,0.526624124662011,0.4940917497187589,0.07126371898746069,0.1298444453066429,0.47265625,256,121,0.47265625,256,121,4,0.38301886792452833
419,0.5267926101135997,0.4944088472201761,0.07130392317750812,0.12924982475495972,0.47265625,256,121,0.47265625,256,121,4,0.3849056603773585
420,0.5255353160664044,0.49312817733899683,0.07122210967066013,0.12934366620219914,0.47265625,256,121,0.47265625,256,121,4,0.3867924528301887
421,0.528122286353491,0.49567001530554444,0.07129303834079641,0.1295239099886565,0.47265625,256,121,0.47265625,256,121,4,0.3886792452830189
422,0.5322311937281515,0.4996789324600085,0.07134971879752336,0.12992364959379213,0.47265625,256,121,0.47265625,256,121,4,0.3905660377358491
423,0.5333156097779231,0.5002418379340552,0.07135979956493968,0.13200965378664237,0.47265625,256,121,0.47265625,256,121,4,0.39245283018867927
424,0.5359363914591021,0.5030714521365883,0.07127468854980132,0.13117465561470099,0.47265625,256,121,0.47265625,256,121,4,0.39433962264150946
425,0.5323526223676395,0.49957442099014215,0.07117204295586696,0.1308281164517445,0.47265625,256,121,0.47265625,256,121,4,0.39622641509433965
426,0.5404336162373028,0.5076846235093817,0.07098061657321136,0.13071205130720562,0.47265625,256,121,0.47265625,256,121,4,0.39811320754716983
427,0.5352553917770893,0.5025091675003018,0.07105226274085256,0.1307006871278307,0.47265625,256,121,0.47265625,256,121,4,0.4
428,0.5362124469427936,0.5035204597279034,0.07112455401009163,0.13048344032954326,0.47265625,256,121,0.47265625,256,121,4,0.4018867924528302
429,0.5315267965856907,0.4988863178059063,0.07101430994483222,0.13027787788779335,0.47265625,256,121,0.47265625,256,121,4,0.4037735849056604
430,0.5424081878324526,0.5095634107041148,0.07099741070935156,0.13109512323826816,0.47265625,256,121,0.47265625,256,121,4,0.4056603773584906
431,0.5449654291161393,0.5124137828835343,0.07093873606846396,0.12992283728270404,0.47265625,256,121,0.47265625,256,121,4,0.4075471698113208
432,0.5490490696598999,0.5161776220903987,0.07066674108526348,0.13120311946995492,0.47265625,256,121,0.47265625,256,121,4,0.40943396226415096
433,0.5472357104309892,0.5145710559017891,0.07069674384804954,0.13037581267082585,0.47265625,256,121,0.47265625,256,121,4,0.41132075471698115
434,0.5448088147471436,0.5122318088480856,0.07077258554971323,0.13002492790728543,0.47265625,256,121,0.47265625,256,121,4,0.41320754716981134
435,0.5461282060209629,0.5134971637641434,0.07072925119273431,0.13024124529509418,0.47265625,256,121,0.47265625,256,121,4,0.41509433962264153
436,0.5425504092621593,0.5098857399636665,0.0708337397833841,0.1303753424271018,0.47265625,256,121,0.47265625,256,121,4,0.4169811320754717
437,0.550080814720255,0.5172501024419227,0.07076152691007716,0.13103980023776535,0.47265625,256,121,0.47265625,256,121,4,0.4188679245283019
438,0.5531355786112557,0.5204650648927267,0.07074920503439101,0.13039905373501567,0.47265625,256,121,0.47265625,256,121,4,0.4207547169811321
439,0.5414282727030526,0.5088248490232282,0.07069750169737149,0.13013091274594837,0.47265625,256,121,0.47265625,256,121,4,0.4226415094339623
440,0.5612606996983553,0.5287039934006412,0.07062164944621314,0.1299443237021961,0.47265625,256,121,0.47265625,256,121,4,0.42452830188679247
441,0.558197789751323,0.5258345925702458,0.07053924444238696,0.12917060925897245,0.47265625,256,121,0.47265625,256,121,4,0.42641509433962266
442,0.5567118077151543,0.5244138581035411,0.07055159750501666,0.12890959366232949,0.47265625,256,121,0.47265625,256,121,4,0.42830188679245285
443,0.5574375710128683,0.5251944642678826,0.07030446979060637,0.12869119261745857,0.47265625,256,121,0.47265625,256,121,4,0.43018867924528303
444,0.5629075272420866,0.5305201123773524,0.07040195292339915,0.1292680503256553,0.47265625,256,121,0.47265625,256,121,4,0.4320754716981132
445,0.5646614514093483,0.5321885869566318,0.07049313899690071,0.12960948630244332,0.47265625,256,121,0.47265625,256,121,4,0.4339622641509434
446,0.5579544864924608,0.5254427669322597,0.07057812829724455,0.1297645663793108,0.47265625,256,121,0.47265625,256,121,4,0.4358490566037736
447,0.5610113204580492,0.528536046764492,0.0705326416455539,0.12961897385858856,0.47265625,256,121,0.47265625,256,121,4,0.4377358490566038
448,0.5653211943871153,0.5327083995911928,0.07051268978192743,0.1301691500486526,0.47265625,256,121,0.47265625,256,121,4,0.439622641509434
449,0.5694273048270065,0.5369307464730423,0.0705986088224217,0.1297038417738096,0.47265625,256,121,0.47265625,256,121,4,0.44150943396226416
450,0.5666892367654142,0.5342452278179405,0.07033544963440008,0.12949467272357604,0.47265625,256,121,0.47265625,256,121,4,0.44339622641509435
451,0.568928941424969,0.5365730737690377,0.07033230093991862,0.12914214144765804,0.47265625,256,121,0.47265625,256,121,4,0.44528301886792454
452,0.5770827431594376,0.5445278242098547,0.0702379918863288,0.12993872376669824,0.47265625,256,121,0.47265625,256,121,4,0.44716981132075473
453,0.5699162140356756,0.5376187056566761,0.07027460417125077,0.12890893497825723,0.47265625,256,121,0.47265625,256,121,4,0.4490566037735849
454,0.5728614794469513,0.5404072825887561,0.07032969996201253,0.12953546841060165,0.47265625,256,121,0.47265625,256,121,4,0.4509433962264151
455,0.5730550579265156,0.5404906557724539,0.07034513637819122,0.1299762382971502,0.47265625,256,121,0.47265625,256,121,4,0.4528301886792453
456,0.5780560527227622,0.5450348614063938,0.07028848592158968,0.13180362439788548,0.47265625,256,121,0.47265625,256,121,4,0.4547169811320755
457,0.5815352412451685,0.5487223338764325,0.07013871138338494,0.13097106329107708,0.47265625,256,121,0.47265625,256,121,4,0.45660377358490567
458,0.5750817503549356,0.5425045830486095,0.07013098196645753,0.13002815090976985,0.47265625,256,121,0.47265625,256,121,4,0.45849056603773586
459,0.5778702091326756,0.5452033212754579,0.06992187621319189,0.13038786322669646,0.47265625,256,121,0.47265625,256,121,4,0.46037735849056605
460,0.5845911062396734,0.5519463691563733,0.06986537457039926,0.13029948312096892,0.47265625,256,121,0.47265625,256,121,4,0.46226415094339623
461,0.5809626800824056,0.5484430600056606,0.06984167018559127,0.12979910199621084,0.47265625,256,121,0.47265625,256,121,4,0.4641509433962264
462,0.5885763057565268,0.5562651465951869,0.06988766097125754,0.12896508439979723,0.47265625,256,121,0.47265625,256,121,4,0.4660377358490566
463,0.5814489637855935,0.5493443376195114,0.07000229243947341,0.1281385169883745,0.47265625,256,121,0.47265625,256,121,4,0.4679245283018868
464,0.5823851760509795,0.5501776334986223,0.0699703870093928,0.12855030477574442,0.47265625,256,121,0.47265625,256,121,4,0.469811320754717
465,0.5879909003202894,0.5557522821215402,0.07005360234627682,0.12867424762354487,0.47265625,256,121,0.47265625,256,121,4,0.4716981132075472
466,0.5807012037365837,0.5484489046894343,0.06997181791647346,0.12872930741415614,0.47265625,256,121,0.47265625,256,121,4,0.47358490566037736
467,0.5988563557641696,0.5662085806901476,0.06977985720191382,0.13031197570066536,0.47265625,256,121,0.47265625,256,121,4,0.47547169811320755
468,0.5948158924558521,0.5617928599889299,0.06981236784331567,0.1318129136235313,0.47265625,256,121,0.47265625,256,121,4,0.47735849056603774
469,0.5937386292271909,0.5610738299061767,0.06985403056693289,0.13037976991813793,0.47265625,256,121,0.47265625,256,121,4,0.47924528301886793
470,0.6000313626981415,0.5675761190663396,0.06974182660337043,0.12954201160278994,0.47265625,256,121,0.47265625,256,121,4,0.4811320754716981
471,0.5993821156763397,0.5669122575658613,0.06978349275557341,0.12960030824209737,0.47265625,256,121,0.47265625,256,121,4,0.4830188679245283
472,0.6000244955045987,0.5675412165907632,0.06978066522726971,0.12965399514784856,0.47265625,256,121,0.47265625,256,121,4,0.4849056603773585
473,0.5958907944438732,0.5634825187446797,0.06962252817058985,0.12935461380840402,0.47265625,256,121,0.47265625,256,121,4,0.4867924528301887
474,0.5998807507278645,0.567529919136942,0.06962471323466934,0.12912483974895647,0.47265625,256,121,0.47265625,256,121,4,0.48867924528301887
475,0.6062058553231501,0.573999045169459,0.06961419822367947,0.12854876692316172,0.47265625,256,121,0.47265625,256,121,4,0.49056603773584906
476,0.5995803586149637,0.5672695507517959,0.06955949362136621,0.12896500145439552,0.47265625,256,121,0.47265625,256,121,4,0.49245283018867925
477,0.6066384964284643,0.5744654739325026,0.06969825527836791,0.12841330930195025,0.47265625,256,121,0.47265625,256,121,4,0.49433962264150944
478,0.6062762331118626,0.5739106235250963,0.06964753080258328,0.12918384307253677,0.47265625,256,121,0.47265625,256,121,4,0.4962264150943396
479,0.6132702748332404,0.5810391206656937,0.06946789816153788,0.12864672887114298,0.47265625,256,121,0.47265625,256,121,4,0.4981132075471698
480,0.6126869326144193,0.5805576628288337,0.06947455535420274,0.12823920347521792,0.47265625,256,121,0.47265625,256,121,4,0.5
481,0.4218960686595039,0.3900798113472694,0.06951815562438121,0.12698695221833423,0.47265625,256,121,0.47265625,256,121,5,0.2
482,0.41213153157613974,0.3805555830487108,0.0697079567255172,0.12602496028473947,0.47265625,256,121,0.47265625,256,121,5,0.2018867924528302
483,0.4146366710156466,0.3830989786481435,0.06988283398404585,0.12587123885091428,0.47265625,256,121,0.47265625,256,121,5,0.2037735849056604
484,0.4052423695019916,0.3737503704244057,0.06990644639044737,0.12568836296554162,0.47265625,256,121,0.47265625,256,121,5,0.20566037735849058
485,0.4154068168285674,0.3840837386329617,0.07010151360150987,0.1250119022695364,0.47265625,256,121,0.47265625,256,121,5,0.20754716981132076
486,0.41723344626679887,0.38577783859409065,0.07010365231374724,0.12554201233176004,0.47265625,256,121,0.47265625,256,121,5,0.20943396226415095
487,0.41684484402690314,0.385312896386712,0.07025764632014046,0.1258467624409009,0.47265625,256,121,0.47265625,256,121,5,0.21132075471698114
488,0.40677336227577343,0.37525330233362925,0.07029321664466268,0.12579906896679802,0.47265625,256,121,0.47265625,256,121,5,0.21320754716981133
489,0.41527376000860095,0.3837234987094339,0.07044466334370385,0.1259192625241997,0.47265625,256,121,0.47265625,256,121,5,0.21509433962264152
490,0.4114797017743102,0.3799861739430807,0.07046789029794456,0.1256922428059367,0.47265625,256,121,0.47265625,256,121,5,0.2169811320754717
491,0.4154157409098296,0.38384573728637356,0.07044031655630179,0.12599825292034486,0.47265625,256,121,0.47265625,256,121,5,0.2188679245283019
492,0.41331405370636326,0.38165554114147626,0.07055710994564326,0.1263518197610315,0.47265625,256,121,0.47265625,256,121,5,0.22075471698113208
493,0.42002508940949906,0.3885158666994719,0.07061238323165252,0.12575444790114343,0.47265625,256,121,0.47265625,256,121,5,0.22264150943396227
494,0.7654394428286933,0.733153519904719,0.07055117130543279,0.12886146699960252,0.47265625,256,121,0.47265625,256,121,3,0.2699248120300752
495,0.717588174659594,0.6849363868215442,0.07036907318155322,0.1303256668348228,0.47265625,256,121,0.47265625,256,121,3,0.2706766917293233
496,0.7034540350458264,0.6707280336228092,0.07056479947229402,0.13062174868794668,0.47265625,256,121,0.47265625,256,121,3,0.27142857142857146
497,0.6811012446352865,0.6486288330196279,0.07044295478711086,0.1296078775045091,0.47265625,256,121,0.47265625,256,121,3,0.2721804511278195
498,0.6617861870115838,0.6289087945381097,0.07023226238984977,0.13122862643372696,0.47265625,256,121,0.47265625,256,121,3,0.2729323308270677
499,0.6505250334739685,0.616961892727202,0.06985526142922123,0.1339731498629646,0.47265625,256,121,0.47265625,256,121,3,0.2736842105263158
500,0.6637261610115524,0.6304506886321887,0.06956180936731068,0.13282364804660324,0.234375,256,60,0.234375,256,60,3,0.2744360902255639
501,0.6658871142210159,0.6326727967346664,0.06953000323434846,0.13257913515631076,0.234375,256,60,0.234375,256,60,3,0.27518796992481204
502,0.6570088525788974,0.6243032522961102,0.06952758192752315,0.13054427530913226,0.234375,256,60,0.234375,256,60,3,0.27593984962406015
503,0.6522932184480987,0.6201486993679958,0.06970147531380695,0.1282992630669501,0.234375,256,60,0.234375,256,60,3,0.27669172932330827
504,0.6481015154745726,0.6163945050366157,0.06986373451958715,0.12654856744065748,0.234375,256,60,0.234375,256,60,3,0.2774436090225564
505,0.642043236082634,0.6108217909272793,0.06984531727776064,0.12460640949749313,0.234375,256,60,0.234375,256,60,3,0.2781954887218045
506,0.639594172481942,0.6083896160125732,0.07001127507043096,0.12453815677260931,0.234375,256,60,0.234375,256,60,3,0.2789473684210526
507,0.6334740688315535,0.6024643515063598,0.07021559201246869,0.12375799625848247,0.234375,256,60,0.234375,256,60,3,0.2796992481203008
508,0.6376407484037686,0.606732406447419,0.07015984874647276,0.12335272047635729,0.234375,256,60,0.234375,256,60,3,0.2804511278195489
509,0.6260731869039282,0.5955488560474025,0.07043160221218007,0.12181559205055237,0.234375,256,60,0.234375,256,60,3,0.281203007518797
510,0.6235772882942605,0.5935887325126513,0.07071445882320404,0.11967136236154928,0.234375,256,60,0.234375,256,60,3,0.2819548872180451
511,0.6138141007549995,0.583750275120271,0.07087151343579841,0.11997181968351381,0.234375,256,60,0.234375,256,60,3,0.28270676691729324
512,0.6212432722074795,0.5913725951604084,0.07104526025004092,0.11919851667058151,0.234375,256,60,0.234375,256,60,3,0.28345864661654135
513,0.6198027065369935,0.5897742744568175,0.07109240053501804,0.11982937651661645,0.234375,256,60,0.234375,256,60,3,0.28421052631578947
514,0.6107200637327886,0.5810483116491706,0.07103547051680827,0.11840287239941875,0.234375,256,60,0.234375,256,60,3,0.2849624060150376
515,0.6200972959003618,0.5904345438543674,0.07111698580262936,0.11836654172006962,0.234375,256,60,0.234375,256,60,3,0.2857142857142857
516,0.6144270306139921,0.5844804929421011,0.07108169556719011,0.11950183798254063,0.234375,256,60,0.234375,256,60,3,0.28646616541353387
517,0.6107977779038185,0.5813567105647737,0.07117537982695926,0.11747958042980296,0.234375,256,60,0.234375,256,60,3,0.28721804511278193
518,0.6150030562307982,0.5859502168883265,0.07128587147567124,0.11592622404604887,0.234375,256,60,0.234375,256,60,3,0.2879699248120301
519,0.6145109302174728,0.5847935950861568,0.07118486725123582,0.11858460320308145,0.234375,256,60,0.234375,256,60,3,0.2887218045112782
520,0.6111283924727313,0.5817386922055641,0.07130461423534208,0.1172735747114747,0.234375,256,60,0.234375,256,60,3,0.2894736842105263
521,0.6104434538731532,0.5815111195619127,0.0712642938689848,0.11544431310839358,0.234375,256,60,0.234375,256,60,3,0.29022556390977444
522,0.6021476082042255,0.5731904087340938,0.07116125992177862,0.11554416921813931,0.234375,256,60,0.234375,256,60,3,0.29097744360902256
523,0.6053842348335063,0.5761505586911092,0.07115540798522729,0.1166500699731101,0.234375,256,60,0.234375,256,60,3,0.29172932330827067
524,0.6021456491630689,0.5733826537575342,0.07125397461705503,0.11476697799115054,0.234375,256,60,0.234375,256,60,3,0.2924812030075188
525,0.6028967130500659,0.5739513809702038,0.07136238089441198,0.11549588187342197,0.234375,256,60,0.234375,256,60,3,0.2932330827067669
526,0.60297641052609,0.5744382454230722,0.07147548993868111,0.11386677339277436,0.234375,256,60,0.234375,256,60,3,0.293984962406015
527,0.6002414384774403,0.5715291790202656,0.07139098459640436,0.11456347276679182,0.234375,256,60,0.234375,256,60,3,0.2947368421052632
528,0.5988038358962642,0.5700225700846816,0.0712526032486848,0.1148400495273877,0.234375,256,60,0.234375,256,60,3,0.2954887218045113
529,0.600062528015238,0.5712635097777949,0.07126380582298852,0.11491101261525027,0.234375,256,60,0.234375,256,60,3,0.2962406015037594
530,0.5991037477434209,0.5704253173507421,0.07111422321965209,0.11442925688703504,0.234375,256,60,0.234375,256,60,3,0.29699248120300753
531,0.6040404871501753,0.5747635928930435,0.07105587211857854,0.11682334535681041,0.234375,256,60,0.234375,256,60,3,0.29774436090225564
532,0.6028942877212456,0.5737284983681367,0.07114487504009652,0.1163785711458299,0.234375,256,60,0.234375,256,60,3,0.29849624060150376
533,0.5989307908885246,0.5699135376288827,0.07110920225360752,0.11578457776160367,0.234375,256,60,0.234375,256,60,3,0.2992481203007519
534,0.6021005326667718,0.5735110735471269,0.07104656851924626,0.11407364951034563,0.234375,256,60,0.234375,256,60,3,0.3
535,0.5993237864654676,0.5706805797804774,0.07096681361441064,0.11428896087197075,0.234375,256,60,0.234375,256,60,3,0.3007518796992481
536,0.6013410141510246,0.5724893700232548,0.0710569281889274,0.11512233039974111,0.234375,256,60,0.234375,256,60,3,0.3015037593984963
537,0.5977094046837461,0.568620548311588,0.07101738057305328,0.11607134968569849,0.234375,256,60,0.234375,256,60,3,0.30225563909774433
538,0.5943925628619912,0.5655567777895294,0.07086340384145753,0.11505967015977454,0.234375,256,60,0.234375,256,60,3,0.3030075187969925
539,0.5971722956252309,0.5687274088901756,0.0708351101627392,0.11349617149186346,0.234375,256,60,0.234375,256,60,3,0.3037593984962406
540,0.5983141241347896,0.5697499838023059,0.07077623000450894,0.11397348621250254,0.234375,256,60,0.234375,256,60,3,0.30451127819548873
541,0.5893098772627062,0.5607502853448412,0.07064000813834435,0.1139557957649231,0.234375,256,60,0.234375,256,60,3,0.30526315789473685
542,0.5965440162515219,0.5679359475595761,0.07068705928009168,0.11414953242097281,0.234375,256,60,0.234375,256,60,3,0.30601503759398496
543,0.5941001430021978,0.565357404736291,0.07055727853975464,0.11468871214748484,0.234375,256,60,0.234375,256,60,3,0.3067669172932331
544,0.5906163746804263,0.562087239681092,0.07053558106443523,0.11383438018043485,0.234375,256,60,0.234375,256,60,3,0.3075187969924812
545,0.5990397120471549,0.5705077046841647,0.07035867652270646,0.11384658792377574,0.234375,256,60,0.234375,256,60,3,0.3082706766917293
546,0.5987992471298286,0.570294994168577,0.07046966155809639,0.11373510547971304,0.234375,256,60,0.234375,256,60,3,0.3090225563909774
547,0.5974321481400886,0.569143165001827,0.07051185769053687,0.11287389959381745,0.234375,256,60,0.234375,256,60,3,0.3097744360902256
548,0.5956139833526274,0.5672317896269065,0.07035303399362396,0.11324735645171816,0.234375,256,60,0.234375,256,60,3,0.3105263157894737
549,0.5942280529874616,0.5659655656962268,0.07018460465216003,0.11276921287047124,0.234375,256,60,0.234375,256,60,3,0.3112781954887218
550,0.5952307885199521,0.5671584809248427,0.07012966697194935,0.11200869103184843,0.234375,256,60,0.234375,256,60,3,0.31203007518796994
551,0.589666253961293,0.5614122859144632,0.07009351121640839,0.11273550116910344,0.234375,256,60,0.234375,256,60,3,0.31278195488721805
552,0.5939030032769769,0.5658078987514024,0.06994646563466671,0.11210062493265202,0.234375,256,60,0.234375,256,60,3,0.31353383458646616
553,0.5942986417660671,0.5661847282827428,0.06997394166161529,0.11217576423577502,0.234375,256,60,0.234375,256,60,3,0.3142857142857143
554,0.5978951248447452,0.5695185874943185,0.06994836553271892,0.11322635445183357,0.234375,256,60,0.234375,256,60,3,0.3150375939849624
555,0.592038551526787,0.5641709460621387,0.06992382305649529,0.11119074262348952,0.234375,256,60,0.234375,256,60,3,0.3157894736842105
556,0.5959328318064192,0.5679640917651421,0.0699367952425923,0.1115952281165967,0.234375,256,60,0.234375,256,60,3,0.3165413533834587
557,0.5994952946110109,0.5711264198860236,0.06987601037310288,0.11319601337994094,0.234375,256,60,0.234375,256,60,3,0.31729323308270674
558,0.6003647085312194,0.5720181668226698,0.06980501075761508,0.1131069554691821,0.234375,256,60,0.234375,256,60,3,0.3180451127819549
559,0.5960799118058872,0.5675764835513799,0.06972392562743837,0.11373479446742386,0.234375,256,60,0.234375,256,60,3,0.318796992481203
560,0.5945871071477907,0.5663784971806856,0.06958020656509736,0.11255610714444017,0.234375,256,60,0.234375,256,60,3,0.31954887218045114
561,0.5997160008523317,0.5716640047267475,0.06963809526863352,0.11192940979932262,0.234375,256,60,0.234375,256,60,3,0.32030075187969925
562,0.5956587000230772,0.5676128745606516,0.0696417436794897,0.11190473024560287,0.234375,256,60,0.234375,256,60,3,0.32105263157894737
563,0.6021574324211189,0.5739721919583008,0.06964769497909377,0.11246236756575846,0.234375,256,60,0.234375,256,60,3,0.3218045112781955
564,0.6046601014327159,0.5765074193477631,0.06957379405477405,0.11233244064898618,0.234375,256,60,0.234375,256,60,3,0.3225563909774436
565,0.6015108923996444,0.5735379272857598,0.06942261860961407,0.1116141735584335,0.234375,256,60,0.234375,256,60,3,0.3233082706766917
566,0.6002567347172088,0.572372856657062,0.06939581570635854,0.11125791870650992,0.234375,256,60,0.234375,256,60,3,0.3240601503759398
567,0.6027396648331026,0.5747212176829313,0.06937707637527347,0.11179629350658012,0.234375,256,60,0.234375,256,60,3,0.324812030075188
568,0.6025137162841527,0.5742639667164963,0.06930723232505596,0.11272176711168964,0.234375,256,60,0.234375,256,60,3,0.32556390977443606
569,0.5976965733334026,0.5697775770605138,0.06943225906749742,0.1113982591613204,0.234375,256,60,0.234375,256,60,3,0.3263157894736842
570,0.602182265140314,0.573844428083538,0.06940981218245178,0.1130737015499478,0.234375,256,60,0.234375,256,60,3,0.32706766917293234
571,0.600312155696143,0.5720382377637171,0.0693716458250991,0.11281816641577577,0.234375,256,60,0.234375,256,60,3,0.32781954887218046
572,0.600732534332613,0.5728750503168697,0.0692459986405035,0.1111529495863788,0.234375,256,60,0.234375,256,60,3,0.32857142857142857
573,0.6020324937010233,0.5744344228136856,0.06931806995277912,0.11011500610450728,0.234375,256,60,0.234375,256,60,3,0.3293233082706767
574,0.6037298171921114,0.5761122342232055,0.0693984856515859,0.11019272522061271,0.234375,256,60,0.234375,256,60,3,0.3300751879699248
575,0.599970536685623,0.5725526160898462,0.06931408263940726,0.1093944305207877,0.234375,256,60,0.234375,256,60,3,0.3308270676691729
576,0.5988507429055409,0.5713670477930424,0.06925698237872757,0.1096577383248152,0.234375,256,60,0.234375,256,60,3,0.3315789473684211
577,0.6032556123965609,0.5753761988825503,0.06914892186105778,0.11124106944926017,0.234375,256,60,0.234375,256,60,3,0.33233082706766914
578,0.6059850623122359,0.5779420084657922,0.06925433359842385,0.1118951920518833,0.234375,256,60,0.234375,256,60,3,0.3330827067669173
579,0.6074381660571141,0.5796200153047004,0.06918902332540107,0.11099585785275012,0.234375,256,60,0.234375,256,60,3,0.3338345864661654
580,0.6068175788474294,0.5788991269284645,0.0690959835078864,0.11139742838861667,0.234375,256,60,0.234375,256,60,3,0.33458646616541354
581,0.6063545224940883,0.5780682967299908,0.06917130235022148,0.11286821400960989,0.234375,256,60,0.234375,256,60,3,0.33533834586466166
582,0.6036378250712842,0.5757567943197436,0.06914244592189789,0.11124754974008662,0.234375,256,60,0.234375,256,60,3,0.3360902255639098
583,0.6039014015577536,0.5760945073798694,0.06914588571649737,0.11095100272018298,0.234375,256,60,0.234375,256,60,3,0.3368421052631579
584,0.6014094758877712,0.5737086215377909,0.06900303896549528,0.11052740483948614,0.234375,256,60,0.234375,256,60,3,0.337593984962406
585,0.6056767622981452,0.5780628769271141,0.0690520735441056,0.110179333428366,0.234375,256,60,0.234375,256,60,3,0.33834586466165417
586,0.6066691798973928,0.5791300522015158,0.06892395177773669,0.1098808101584426,0.234375,256,60,0.234375,256,60,3,0.33909774436090223
587,0.6051531800654082,0.5776724857566631,0.06893768715383732,0.10964703612622961,0.234375,256,60,0.234375,256,60,3,0.3398496240601504
588,0.6107638984654857,0.5833413052347909,0.06898107768687527,0.10941447917602759,0.234375,256,60,0.234375,256,60,3,0.34060150375939846
589,0.6073181333795058,0.5798926846643465,0.06900332129634587,0.10942577214631359,0.234375,256,60,0.234375,256,60,3,0.34135338345864663
590,0.6115777497797941,0.5840045556557917,0.06883359331209048,0.11001745196042863,0.234375,256,60,0.234375,256,60,3,0.34210526315789475
591,0.6077521111057923,0.5804609258090501,0.06890837347085497,0.10888909265003373,0.234375,256,60,0.234375,256,60,3,0.34285714285714286
592,0.6041751978671657,0.5768394644281506,0.06889753623873787,0.10906733724132048,0.234375,256,60,0.234375,256,60,3,0.343609022556391
593,0.6070397541058802,0.5794813052742882,0.06882111121595433,0.10995851945033115,0.234375,256,60,0.234375,256,60,3,0.3443609022556391
594,0.6066350343480574,0.5793476579463588,0.06890442591589109,0.10887387652049023,0.234375,256,60,0.234375,256,60,3,0.3451127819548872
595,0.6130962952048378,0.5853471349825902,0.06890503033600022,0.11072103422036213,0.234375,256,60,0.234375,256,60,3,0.3458646616541353
596,0.611466088126191,0.5835119375085409,0.06895068907632237,0.11154079364728084,0.234375,256,60,0.234375,256,60,3,0.3466165413533835
597,0.6191973628196041,0.5903828075501771,0.06893513476954097,0.11498245432049828,0.234375,256,60,0.234375,256,60,3,0.34736842105263155
598,0.6141228744414,0.5856659298976966,0.06890802804083951,0.11355214697861038,0.234375,256,60,0.234375,256,60,3,0.3481203007518797
599,0.6147668899688046,0.5867072509980835,0.0688999718533153,0.11196296991763917,0.234375,256,60,0.234375,256,60,3,0.3488721804511278
600,0.6196753554112089,0.5918660308934945,0.06877444961429698,0.11096219929446162,0.30859375,256,79,0.30859375,256,79,3,0.34962406015037595
601,0.6137191774570836,0.5859194537707134,0.06858985699647296,0.11092453647767549,0.30859375,256,79,0.30859375,256,79,3,0.35037593984962406
602,0.6111601395944578,0.5831014492870432,0.06863433234723268,0.11196022269736348,0.30859375,256,79,0.30859375,256,79,3,0.3511278195488722
603,0.615707169591853,0.5879513882430254,0.06857070201529866,0.11074885640260393,0.30859375,256,79,0.30859375,256,79,3,0.3518796992481203
604,0.6152269012105148,0.5877484265154442,0.06849342432961,0.10963992998663304,0.30859375,256,79,0.30859375,256,79,3,0.3526315789473684
605,0.6165554982371035,0.5890639010256371,0.06858723999652187,0.10969205714960013,0.30859375,256,79,0.30859375,256,79,3,0.3533834586466166
606,0.6178645085444493,0.5903471043679567,0.06847074067434378,0.1097957228796672,0.30859375,256,79,0.30859375,256,79,3,0.35413533834586464
607,0.6217742794382889,0.5941216660811838,0.0685257277393763,0.11033638949151588,0.30859375,256,79,0.30859375,256,79,3,0.3548872180451128
608,0.6155715046730716,0.5882601315996289,0.06845928952757237,0.10897164448963857,0.30859375,256,79,0.30859375,256,79,3,0.3556390977443609
609,0.6146022941158936,0.5874004416761145,0.06834761508270702,0.10853400648431441,0.30859375,256,79,0.30859375,256,79,3,0.35639097744360904
610,0.6196244575281059,0.5921549256396504,0.06850805351164489,0.10960409843024954,0.30859375,256,79,0.30859375,256,79,3,0.35714285714285715
611,0.6212531660510375,0.5931014740361576,0.06822960553443537,0.11233387425937484,0.30859375,256,79,0.30859375,256,79,3,0.35789473684210527
612,0.6182450815639665,0.5902681340158513,0.06825428034088253,0.11163478694130889,0.30859375,256,79,0.30859375,256,79,3,0.35864661654135344
613,0.6177308722934892,0.590022365076352,0.06832398968724022,0.11056070583584034,0.30859375,256,79,0.30859375,256,79,3,0.3593984962406015
614,0.6218145289252289,0.5943757765061033,0.0683872765012547,0.10948146484066955,0.30859375,256,79,0.30859375,256,79,3,0.36015037593984967
615,0.6221037058703667,0.594431418760688,0.0684092496480562,0.11041552547068723,0.30859375,256,79,0.30859375,256,79,3,0.3609022556390977
616,0.6177889446241666,0.5900777027142786,0.0682317840050807,0.11057202834471137,0.30859375,256,79,0.30859375,256,79,3,0.3616541353383459
617,0.6176409447087651,0.590154623035836,0.06827792024190447,0.10967216904448197,0.30859375,256,79,0.30859375,256,79,3,0.36240601503759395
618,0.6314591559688602,0.6039980072363288,0.06824397908902802,0.1095716068438724,0.30859375,256,79,0.30859375,256,79,3,0.3631578947368421
619,0.6225394654062997,0.5949375758656358,0.06814171143073951,0.11013496535278,0.30859375,256,79,0.30859375,256,79,3,0.3639097744360902
620,0.6208662414445286,0.5931867854257601,0.06824060074523487,0.11044486829664855,0.30859375,256,79,0.30859375,256,79,3,0.36466165413533835
621,0.6190649582221445,0.5917483220058205,0.06817083489314645,0.1089938816375437,0.30859375,256,79,0.30859375,256,79,3,0.36541353383458647
622,0.6238819930405743,0.5966863837917294,0.06807649175150204,0.10851011359322388,0.30859375,256,79,0.30859375,256,79,3,0.3661654135338346
623,0.6281367018159512,0.6000693904615082,0.0680889541992044,0.11199688707041529,0.30859375,256,79,0.30859375,256,79,3,0.3669172932330827
624,0.6253097774708165,0.5978270779668757,0.06811882212626195,0.10965830206343558,0.30859375,256,79,0.30859375,256,79,3,0.3676691729323308
625,0.623226833027021,0.5959299037941789,0.06811350781833177,0.10891527497926645,0.30859375,256,79,0.30859375,256,79,3,0.368421052631579
626,0.6270201781154734,0.5996910850558661,0.06794954875929166,0.1090445822450967,0.30859375,256,79,0.30859375,256,79,3,0.36917293233082704
627,0.624163542173605,0.5968507465008086,0.06804301391924376,0.10897902537763646,0.30859375,256,79,0.30859375,256,79,3,0.3699248120300752
628,0.6289109640416846,0.6017795416106165,0.06798952092639113,0.1082537581039741,0.30859375,256,79,0.30859375,256,79,3,0.3706766917293233
629,0.6277422134855152,0.6003502058771859,0.06793311422905035,0.1092963076270787,0.30859375,256,79,0.30859375,256,79,3,0.37142857142857144
630,0.6266521326208536,0.5990046887798647,0.06797969802818467,0.11031783438098114,0.30859375,256,79,0.30859375,256,79,3,0.37218045112781956
631,0.6264352803736661,0.5992348083352621,0.06803795306292255,0.10852972820269323,0.30859375,256,79,0.30859375,256,79,3,0.37293233082706767
632,0.6263425956785151,0.5991157430463132,0.06794932049460116,0.10863560490903601,0.30859375,256,79,0.30859375,256,79,3,0.37368421052631584
633,0.6326498125506713,0.6053288520964901,0.06789892549272132,0.10901223050545802,0.30859375,256,79,0.30859375,256,79,3,0.3744360902255639
634,0.6313252739146747,0.6039387322632612,0.0678551536613861,0.1092747496028917,0.30859375,256,79,0.30859375,256,79,3,0.37518796992481207
635,0.6330275361516834,0.6054860385118332,0.06798687227795609,0.10989403441152741,0.30859375,256,79,0.30859375,256,79,3,0.37593984962406013
636,0.6307089022830524,0.6030139569687633,0.06804905937308758,0.11050759618524957,0.30859375,256,79,0.30859375,256,79,3,0.3766917293233083
637,0.6305554103007359,0.6030913736440439,0.06790747941859,0.1095845138209056,0.30859375,256,79,0.30859375,256,79,3,0.37744360902255636
638,0.6342305435543567,0.6061854947984746,0.06788833162425893,0.11190866434996107,0.30859375,256,79,0.30859375,256,79,3,0.37819548872180453
639,0.6300992411849773,0.6019532833479148,0.06799476066258102,0.11231185509040292,0.30859375,256,79,0.30859375,256,79,3,0.3789473684210526
640,0.6324651236027743,0.6048003477332866,0.0681261967504974,0.1103866063388048,0.30859375,256,79,0.30859375,256,79,3,0.37969924812030076
641,0.6316626689075369,0.6043584267650031,0.0680118171514663,0.10894492387244131,0.30859375,256,79,0.30859375,256,79,3,0.3804511278195489
642,0.629322675477087,0.6016137510274364,0.06792133519079833,0.1105640058496357,0.30859375,256,79,0.30859375,256,79,3,0.381203007518797
643,0.635180894779948,0.6080068286541289,0.06804974172758844,0.1084240438268248,0.30859375,256,79,0.30859375,256,79,3,0.3819548872180451
644,0.6260557942158353,0.5988230939987487,0.06790087200635303,0.10865919911755925,0.30859375,256,79,0.30859375,256,79,3,0.3827067669172932
645,0.629974816752746,0.6029776487730246,0.06799160774830168,0.10771668702363968,0.30859375,256,79,0.30859375,256,79,3,0.3834586466165414
646,0.6337477696680389,0.6068049735200088,0.06801748447186123,0.10749907969637254,0.30859375,256,79,0.30859375,256,79,3,0.38421052631578945
647,0.6351275649745908,0.6083536606974307,0.06803758640204911,0.10682348808092354,0.30859375,256,79,0.30859375,256,79,3,0.3849624060150376
648,0.6300606316169807,0.6031813347234135,0.06797980108356054,0.10724528100902,0.30859375,256,79,0.30859375,256,79,3,0.38571428571428573
649,0.6313531926247926,0.6044126788599301,0.06792404357574683,0.10749034689063519,0.30859375,256,79,0.30859375,256,79,3,0.38646616541353385
650,0.6304247347654495,0.6032126087003049,0.06798851483427318,0.10857655609076002,0.30859375,256,79,0.30859375,256,79,3,0.38721804511278196
651,0.6351490432182244,0.607270787774989,0.06796024113366034,0.1112411716474896,0.30859375,256,79,0.30859375,256,79,3,0.3879699248120301
652,0.6287402589764215,0.6013870508269926,0.06787541844939764,0.1091413190670773,0.30859375,256,79,0.30859375,256,79,3,0.38872180451127825
653,0.6359484760107192,0.6083772171915105,0.06802660127920387,0.11001292141401663,0.30859375,256,79,0.30859375,256,79,3,0.3894736842105263
654,0.6384930220325437,0.6108052044843151,0.0679729110767356,0.11047936501228704,0.30859375,256,79,0.30859375,256,79,3,0.3902255639097745
655,0.630764359394006,0.6032244167496673,0.06792102048618603,0.10988810836477617,0.30859375,256,79,0.30859375,256,79,3,0.39097744360902253
656,0.6371098872834602,0.6097894463918906,0.06794727863991155,0.10901000963903107,0.30859375,256,79,0.30859375,256,79,3,0.3917293233082707
657,0.6357570327488722,0.6086508141154736,0.06788950782697813,0.10815331524452276,0.30859375,256,79,0.30859375,256,79,3,0.39248120300751876
658,0.6351338820119875,0.6083000666272323,0.06787499567839951,0.10706378064588108,0.30859375,256,79,0.30859375,256,79,3,0.39323308270676693
659,0.6379487783507963,0.6103624311168637,0.06779876700808517,0.11007421905488039,0.30859375,256,79,0.30859375,256,79,3,0.393984962406015
660,0.6432986233086713,0.6156366150991052,0.06773155630953544,0.11037711027712949,0.30859375,256,79,0.30859375,256,79,3,0.39473684210526316
661,0.6349086102131194,0.6075477879659265,0.06791269548435126,0.10917166950164643,0.30859375,256,79,0.30859375,256,79,3,0.3954887218045113
662,0.6334651270798878,0.6061012148857117,0.06797528280093607,0.10918372724436026,0.30859375,256,79,0.30859375,256,79,3,0.3962406015037594
663,0.6470683037707236,0.6185753635600605,0.06795401409663986,0.11369995950861314,0.30859375,256,79,0.30859375,256,79,3,0.3969924812030075
664,0.6376806228561739,0.6099204961704997,0.06799317012845943,0.1107685189463396,0.30859375,256,79,0.30859375,256,79,3,0.3977443609022556
665,0.6379868575429495,0.6105790322860786,0.06794522953244438,0.10935951433086817,0.30859375,256,79,0.30859375,256,79,3,0.3984962406015038
666,0.6358468226626911,0.608553999293167,0.06788235665422625,0.10889976985950385,0.30859375,256,79,0.30859375,256,79,3,0.39924812030075185
667,0.640786397246133,0.6136142031281395,0.06774140399905433,0.10841780887768332,0.30859375,256,79,0.30859375,256,79,3,0.4
668,0.6430874287554648,0.615968262991019,0.0677441204279925,0.10820564449624678,0.30859375,256,79,0.30859375,256,79,3,0.40075187969924814
669,0.639937631851804,0.6130052804946899,0.06778577398673623,0.10745829324015474,0.30859375,256,79,0.30859375,256,79,3,0.40150375939849625
670,0.6387735763482288,0.6119598123879559,0.06761553639595487,0.10698459416100409,0.30859375,256,79,0.30859375,256,79,3,0.40225563909774437
671,0.640510161366083,0.6136325903698406,0.06763065474486984,0.10723978597505958,0.30859375,256,79,0.30859375,256,79,3,0.4030075187969925
672,0.6410260633029768,0.6139990882535952,0.06767059190083394,0.1078372172417894,0.30859375,256,79,0.30859375,256,79,3,0.40375939849624065
673,0.6429504171936913,0.6155986764789683,0.06774698758283548,0.10913599928659676,0.30859375,256,79,0.30859375,256,79,3,0.4045112781954887
674,0.639943684096885,0.6127862255130194,0.06768605561383002,0.10835907502775699,0.30859375,256,79,0.30859375,256,79,3,0.4052631578947369
675,0.6475983868658015,0.6203673497765465,0.06766626555307777,0.10865346962108022,0.30859375,256,79,0.30859375,256,79,3,0.40601503759398494
676,0.6481729993777993,0.6199750098506961,0.06764696043940772,0.11252135433981904,0.30859375,256,79,0.30859375,256,79,3,0.4067669172932331
677,0.6466032403760251,0.6185537576675415,0.06750589879476919,0.11192789251825451,0.30859375,256,79,0.30859375,256,79,3,0.40751879699248117
678,0.6454588327787619,0.6176974799780719,0.0675098010528404,0.11077536668925159,0.30859375,256,79,0.30859375,256,79,3,0.40827067669172934
679,0.6497879845906148,0.6221623056757767,0.06739884931429298,0.11023311936749822,0.30859375,256,79,0.30859375,256,79,3,0.4090225563909774
680,0.6480293970192428,0.6206658498375817,0.06742714180619316,0.10918447520353097,0.30859375,256,79,0.30859375,256,79,3,0.40977443609022557
681,0.6466041639842818,0.6193883176398488,0.06749449261521871,0.10859339347982828,0.30859375,256,79,0.30859375,256,79,3,0.4105263157894737
682,0.6491778635345729,0.6221725856308389,0.06747570851471572,0.10775119857450502,0.30859375,256,79,0.30859375,256,79,3,0.4112781954887218
683,0.6532489108828317,0.6265191472737135,0.0673692446630613,0.10664955480436308,0.30859375,256,79,0.30859375,256,79,3,0.4120300751879699
684,0.6502560741078537,0.62345527811388,0.06747733399403834,0.10693330522132131,0.30859375,256,79,0.30859375,256,79,3,0.412781954887218
685,0.6497965681869372,0.6228565937649887,0.0674608402547583,0.10749010003246037,0.30859375,256,79,0.30859375,256,79,3,0.4135338345864662
686,0.6502169365376498,0.6227092510831039,0.067428112359701,0.1097610632402707,0.30859375,256,79,0.30859375,256,79,3,0.41428571428571426
687,0.6559611653859636,0.6289935818815653,0.06721141235490816,0.10760148238819257,0.30859375,256,79,0.30859375,256,79,3,0.4150375939849624
688,0.6482805272119235,0.6215642484943423,0.0672263623734491,0.10659620541650637,0.30859375,256,79,0.30859375,256,79,3,0.41578947368421054
689,0.6528369114462254,0.6260118753509184,0.06725789751626748,0.10703112501486213,0.30859375,256,79,0.30859375,256,79,3,0.41654135338345866
690,0.6527198611107548,0.6260464655614533,0.06727575319530689,0.10642448694041345,0.30859375,256,79,0.30859375,256,79,3,0.41729323308270677
691,0.6501222938562916,0.6233374165222708,0.06730713121658932,0.10687029124361223,0.30859375,256,79,0.30859375,256,79,3,0.4180451127819549
692,0.6516756025035825,0.6247115224863575,0.06734604856609243,0.10758693107461507,0.30859375,256,79,0.30859375,256,79,3,0.41879699248120306
693,0.6549981901075987,0.627975330943555,0.06728344918352312,0.10782233671804445,0.30859375,256,79,0.30859375,256,79,3,0.4195488721804511
694,0.6482660543602125,0.6212663645237948,0.06727244896171368,0.10772963778107567,0.30859375,256,79,0.30859375,256,79,3,0.4203007518796993
695,0.6546701303625528,0.6278414705158335,0.06727331428401238,0.10704552777836808,0.30859375,256,79,0.30859375,256,79,3,0.42105263157894735
696,0.661017739139827,0.6335274740657976,0.06718441975855194,0.10969234528267278,0.30859375,256,79,0.30859375,256,79,3,0.4218045112781955
697,0.6512111077266457,0.6239004187879309,0.06713616412825289,0.1089741935112835,0.30859375,256,79,0.30859375,256,79,3,0.4225563909774436
698,0.6592487592612748,0.632187991015679,0.06714087408200829,0.1079745298597665,0.30859375,256,79,0.30859375,256,79,3,0.42330827067669174
699,0.6575453154808653,0.6307863055077274,0.06705670375212104,0.10676782433174353,0.30859375,256,79,0.30859375,256,79,3,0.4240601503759398
700,0.6573328613179975,0.6300680922195975,0.06693211435216719,0.10879136101070759,0.27734375,256,71,0.27734375,256,71,3,0.424812030075188
701,0.6619314577727191,0.6343186840546869,0.06703047460950581,0.11018295988308645,0.27734375,256,71,0.27734375,256,71,3,0.4255639097744361
702,0.6589945639129233,0.6315842819424857,0.0670215386600621,0.10937304834348965,0.27734375,256,71,0.27734375,256,71,3,0.4263157894736842
703,0.6574204395302629,0.6303952141145689,0.06703896932633577,0.10783275658577944,0.27734375,256,71,0.27734375,256,71,3,0.4270676691729323
704,0.6586286689327882,0.6316447600854181,0.06699023006764133,0.10766769266497772,0.27734375,256,71,0.27734375,256,71,3,0.42781954887218043
705,0.6636879755332407,0.636907923538073,0.06695069075949424,0.10685240411389191,0.27734375,256,71,0.27734375,256,71,3,0.42857142857142855
706,0.6579509298358344,0.6310089246361656,0.06700930645508049,0.10749997541440272,0.27734375,256,71,0.27734375,256,71,3,0.42932330827067666
707,0.6655689293304375,0.6383854657147838,0.06704166102989585,0.10846568789102334,0.27734375,256,71,0.27734375,256,71,3,0.43007518796992483
708,0.6623534818666171,0.635413133992558,0.06695612407891097,0.10749358037667991,0.27734375,256,71,0.27734375,256,71,3,0.43082706766917295
709,0.665498494574454,0.6384919997865119,0.0670194197281272,0.10775787871232075,0.27734375,256,71,0.27734375,256,71,3,0.43157894736842106
710,0.6668394777627118,0.6400674576252963,0.06698648631572723,0.10682014230869513,0.27734375,256,71,0.27734375,256,71,3,0.4323308270676692
711,0.6635241693100044,0.6366193684856448,0.0670498622729715,0.10735102103347272,0.27734375,256,71,0.27734375,256,71,3,0.4330827067669173
712,0.6663966743292007,0.6391584134734838,0.06695454884155662,0.10868525069899264,0.27734375,256,71,0.27734375,256,71,3,0.4338345864661654
713,0.667000616018751,0.6402933259980869,0.06686377235218487,0.10656170309644884,0.27734375,256,71,0.27734375,256,71,3,0.4345864661654135
714,0.6712136152571282,0.6443043852274397,0.06688531435432687,0.10736936911017494,0.27734375,256,71,0.27734375,256,71,3,0.4353383458646617
715,0.6661597015583409,0.639062943711745,0.06696956057464128,0.10811916270614726,0.27734375,256,71,0.27734375,256,71,3,0.43609022556390975
716,0.6762134295649234,0.6492599333282065,0.06690551406514328,0.10754634426758353,0.27734375,256,71,0.27734375,256,71,3,0.4368421052631579
717,0.6724820247793619,0.6451661929620051,0.0670452952648686,0.10899515120329055,0.27734375,256,71,0.27734375,256,71,3,0.437593984962406
718,0.6746493862793509,0.6470486664139063,0.06697009549995439,0.11013500293535469,0.27734375,256,71,0.27734375,256,71,3,0.43834586466165415
719,0.6654021275781952,0.6379006061933737,0.06684293353979566,0.10973871466332832,0.27734375,256,71,0.27734375,256,71,3,0.4390977443609022
720,0.6716956496238708,0.6446948251893035,0.06693300822403579,0.107735569827852,0.27734375,256,71,0.27734375,256,71,3,0.4398496240601504
721,0.6692725841977955,0.6424149459442207,0.06686330164692043,0.10716309319291495,0.27734375,256,71,0.27734375,256,71,3,0.4406015037593985
722,0.6642125618141309,0.637554484131062,0.06680349306722658,0.10636509638444512,0.27734375,256,71,0.27734375,256,71,3,0.4413533834586466
723,0.6785884478450877,0.6515608382436027,0.06679226873459014,0.10784326790444619,0.27734375,256,71,0.27734375,256,71,3,0.4421052631578947
724,0.6692802695046484,0.6425084144668242,0.06674054555133381,0.10682044639787842,0.27734375,256,71,0.27734375,256,71,3,0.44285714285714284
725,0.6743090880655609,0.6475795148748212,0.06673705432794791,0.10665134142721648,0.27734375,256,71,0.27734375,256,71,3,0.44360902255639095
726,0.6750039041569803,0.6481482354940566,0.06672811804883248,0.10715577098648105,0.27734375,256,71,0.27734375,256,71,3,0.44436090225563907
727,0.6718028171927528,0.6449240203452321,0.06657769669473698,0.10724888306803408,0.27734375,256,71,0.27734375,256,71,3,0.44511278195488724
728,0.6733750326443563,0.646811925731929,0.06666929446226727,0.10598572838095437,0.27734375,256,71,0.27734375,256,71,3,0.44586466165413535
729,0.6726521585894897,0.6460318982073691,0.06667329318228021,0.10621434509490443,0.27734375,256,71,0.27734375,256,71,3,0.44661654135338347
730,0.673503540258492,0.6468009590047651,0.06672236046432393,0.10654345134981966,0.27734375,256,71,0.27734375,256,71,3,0.4473684210526316
731,0.6758345518491965,0.6490322019146607,0.0667120441135052,0.10694255904022572,0.27734375,256,71,0.27734375,256,71,3,0.4481203007518797
732,0.6735480148180396,0.6467916817791695,0.06669286651685175,0.10675853879842083,0.27734375,256,71,0.27734375,256,71,3,0.4488721804511278
733,0.6770870833270317,0.6503807591126028,0.06667218139741272,0.10655858565484529,0.27734375,256,71,0.27734375,256,71,3,0.4496240601503759
734,0.676417049053496,0.6499401341497371,0.06670560377888975,0.10564083276333007,0.27734375,256,71,0.27734375,256,71,3,0.45037593984962404
735,0.6750468121165722,0.6485026774153245,0.06657871346821827,0.10591022953786682,0.27734375,256,71,0.27734375,256,71,3,0.45112781954887216
736,0.6821399273070614,0.6553960368696568,0.06636269792782522,0.10671011668390933,0.27734375,256,71,0.27734375,256,71,3,0.4518796992481203
737,0.6816238560507782,0.6548610535343137,0.06642950741590652,0.10678549104296,0.27734375,256,71,0.27734375,256,71,3,0.4526315789473684
738,0.6805769205093384,0.6540501270673972,0.06643931363272455,0.1058414310085035,0.27734375,256,71,0.27734375,256,71,3,0.45338345864661656
739,0.6806292707941174,0.6538933531372948,0.066405678612996,0.10667803290143477,0.27734375,256,71,0.27734375,256,71,3,0.45413533834586467
740,0.6816426230742868,0.6548240701709174,0.06634551425159504,0.10700883841620082,0.27734375,256,71,0.27734375,256,71,3,0.4548872180451128
741,0.6792804488038595,0.6524074926840521,0.06626159229637248,0.10722676915141334,0.27734375,256,71,0.27734375,256,71,3,0.4556390977443609
742,0.6821461098384013,0.6554913842572575,0.0663816114574407,0.10635339501684746,0.27734375,256,71,0.27734375,256,71,3,0.456390977443609
743,0.6817144144952825,0.6553976873380948,0.06643233890027071,0.10500117397941319,0.27734375,256,71,0.27734375,256,71,3,0.45714285714285713
744,0.6810276418660595,0.6546011435247101,0.06645437679459563,0.10544017959485012,0.27734375,256,71,0.27734375,256,71,3,0.45789473684210524
745,0.6828607104520882,0.6563376077508505,0.06638263601117429,0.10582689420048115,0.27734375,256,71,0.27734375,256,71,3,0.45864661654135336
746,0.6849212424944987,0.6583592506636561,0.0665295371307736,0.10598186258457404,0.27734375,256,71,0.27734375,256,71,3,0.45939849624060153
747,0.6834243055993476,0.6567001105409808,0.06644593548458234,0.10663097213327358,0.27734375,256,71,0.27734375,256,71,3,0.4601503759398496
748,0.6884165010621063,0.6613988865793279,0.06641550724749017,0.10780479587548603,0.27734375,256,71,0.27734375,256,71,3,0.46090225563909776
749,0.6903303919640262,0.6634644301591721,0.06638028888048324,0.10719831505444198,0.27734375,256,71,0.27734375,256,71,3,0.4616541353383459
750,0.6868522990066394,0.6601186795572264,0.06631068680929926,0.10666921490852811,0.27734375,256,71,0.27734375,256,71,3,0.462406015037594
751,0.6892335631151115,0.6622509866689159,0.0664535323734832,0.10766449399226535,0.27734375,256,71,0.27734375,256,71,3,0.4631578947368421
752,0.6865758943346749,0.6596234999926744,0.06634907378295882,0.10754418280799832,0.27734375,256,71,0.27734375,256,71,3,0.4639097744360902
753,0.6902587165874717,0.6637688532339788,0.06639298539509815,0.10569389098513443,0.27734375,256,71,0.27734375,256,71,3,0.46466165413533833
754,0.6843865577098542,0.6577105163472944,0.06625574035982115,0.10643915139732107,0.27734375,256,71,0.27734375,256,71,3,0.46541353383458645
755,0.691705004831331,0.6649188219973471,0.0660838868501967,0.10688041018701233,0.27734375,256,71,0.27734375,256,71,3,0.46616541353383456
756,0.6843410988824558,0.6577466404543514,0.06605496963041019,0.10611363098157191,0.27734375,256,71,0.27734375,256,71,3,0.46691729323308273
757,0.691603619440467,0.665054768060161,0.06610378128501167,0.10593101672366657,0.27734375,256,71,0.27734375,256,71,3,0.4676691729323308
758,0.6980737748399245,0.6714647586366772,0.06614890793519737,0.1061714821684677,0.27734375,256,71,0.27734375,256,71,3,0.46842105263157896
759,0.6973404557304045,0.6708957668954292,0.0662653589275031,0.1055137067373875,0.27734375,256,71,0.27734375,256,71,3,0.4691729323308271
760,0.692734246760343,0.6658819702874242,0.06624463424745915,0.10714412658615449,0.27734375,256,71,0.27734375,256,71,3,0.4699248120300752
761,0.6982138019747439,0.671274524346917,0.06619343187956683,0.10749236744853248,0.27734375,256,71,0.27734375,256,71,3,0.4706766917293233
762,0.6951866213199311,0.6686556945859858,0.06620370207634647,0.10585891112553335,0.27734375,256,71,0.27734375,256,71,3,0.4714285714285714
763,0.6897945694163837,0.6633097075783045,0.06626177012129167,0.10567440270586351,0.27734375,256,71,0.27734375,256,71,3,0.47218045112781953
764,0.6948570065793738,0.6680566737082152,0.06624906839786378,0.10693634921206838,0.27734375,256,71,0.27734375,256,71,3,0.47293233082706765
765,0.6979833187255184,0.6715502802249604,0.06628580556242866,0.10546704045439188,0.27734375,256,71,0.27734375,256,71,3,0.47368421052631576
766,0.6964677814888743,0.6700767589881357,0.06620228402646242,0.10529929122566122,0.27734375,256,71,0.27734375,256,71,3,0.47443609022556393
767,0.6980798001837941,0.6717328376474634,0.0662470548290067,0.1051228756530095,0.27734375,256,71,0.27734375,256,71,3,0.475187969924812
768,0.6990422516797496,0.6724210028099803,0.06628414625878883,0.10621982832661772,0.27734375,256,71,0.27734375,256,71,3,0.47593984962406016
769,0.7002093723389955,0.6733998102424419,0.0663402977242934,0.10697287888126036,0.27734375,256,71,0.27734375,256,71,3,0.4766917293233083
770,0.6982249791643261,0.6717159204778418,0.06626080780957652,0.10577117467084818,0.27734375,256,71,0.27734375,256,71,3,0.4774436090225564
771,0.7020972698135713,0.6754366096142119,0.06623660146662619,0.10637771476686528,0.27734375,256,71,0.27734375,256,71,3,0.4781954887218045
772,0.7047688227839175,0.6783886520208511,0.06620845468962087,0.10525583357146356,0.27734375,256,71,0.27734375,256,71,3,0.4789473684210526
773,0.702593416239308,0.6760574763855048,0.06616327305019429,0.10587910951766293,0.27734375,256,71,0.27734375,256,71,3,0.47969924812030074
774,0.7053030196544343,0.6785777859983191,0.06603883114536252,0.10663676169593778,0.27734375,256,71,0.27734375,256,71,3,0.48045112781954885
775,0.7096813268366113,0.6829809409327212,0.0661135793919057,0.10653709277378774,0.27734375,256,71,0.27734375,256,71,3,0.48120300751879697
776,0.7056704527508896,0.6789809433759841,0.06612318081665883,0.10649353780050193,0.27734375,256,71,0.27734375,256,71,3,0.48195488721804514
777,0.7013510608040125,0.6749780236092289,0.0660465708480472,0.10522798072975294,0.27734375,256,71,0.27734375,256,71,3,0.4827067669172932
778,0.7070743504878694,0.6798168811122928,0.06612840149782401,0.1087653609899293,0.27734375,256,71,0.27734375,256,71,3,0.48345864661654137
779,0.7081426329317346,0.6810203790664673,0.06600736404678463,0.10822500117057193,0.27734375,256,71,0.27734375,256,71,3,0.4842105263157895
780,0.707014185664928,0.6804302740941005,0.06589055977827679,0.10607208364305243,0.27734375,256,71,0.27734375,256,71,3,0.4849624060150376
781,0.7112523834262274,0.6845389789184638,0.06599134674905675,0.10658963011429373,0.27734375,256,71,0.27734375,256,71,3,0.4857142857142857
782,0.7050292971914849,0.6781841706385655,0.06604730357638502,0.1071163158105538,0.27734375,256,71,0.27734375,256,71,3,0.4864661654135338
783,0.7087803403888129,0.6821946100851076,0.06594855615259272,0.10607913182636278,0.27734375,256,71,0.27734375,256,71,3,0.48721804511278194
784,0.7043781544254945,0.6776188812424652,0.06587635330130569,0.10677362872963458,0.27734375,256,71,0.27734375,256,71,3,0.48796992481203005
785,0.7138728246224665,0.686988308366421,0.06581549029962151,0.10727479987967331,0.27734375,256,71,0.27734375,256,71,3,0.48872180451127817
786,0.7140588296198211,0.6872257031170668,0.0659580297965919,0.10706869901809017,0.27734375,256,71,0.27734375,256,71,3,0.48947368421052634
787,0.7122936591637873,0.6857695199747001,0.06589997750995434,0.10583296490717778,0.27734375,256,71,0.27734375,256,71,3,0.4902255639097744
788,0.7116584144862352,0.6851585117061582,0.06596117150203316,0.10573575942389733,0.27734375,256,71,0.27734375,256,71,3,0.49097744360902257
789,0.7088620367303359,0.6825180417668503,0.06597329649777539,0.10511207659687616,0.27734375,256,71,0.27734375,256,71,3,0.4917293233082707
790,0.7099536963268719,0.6835308222644096,0.06582630320196659,0.10542817875347306,0.27734375,256,71,0.27734375,256,71,3,0.4924812030075188
791,0.7119962673271651,0.6857578369368494,0.06567259719677732,0.10469104488075306,0.27734375,256,71,0.27734375,256,71,3,0.4932330827067669
792,0.7129764720401933,0.6866177462898524,0.06586111917168694,0.1051714662297637,0.27734375,256,71,0.27734375,256,71,3,0.493984962406015
793,0.7112900678035432,0.6847521193259585,0.06582043649612275,0.10588853193067871,0.27734375,256,71,0.27734375,256,71,3,0.49473684210526314
794,0.7197490355609792,0.6930591258327518,0.06572949029175582,0.10649673067099225,0.27734375,256,71,0.27734375,256,71,3,0.49548872180451126
795,0.7209845860447504,0.6935285345642968,0.06571113173149329,0.10956133842731999,0.27734375,256,71,0.27734375,256,71,3,0.49624060150375937
796,0.7154727557064158,0.6880114458303536,0.06583589724207346,0.10958190407373208,0.27734375,256,71,0.27734375,256,71,3,0.49699248120300754
797,0.7143900346966972,0.6871982696837029,0.06573997101688807,0.1085040908867279,0.27734375,256,71,0.27734375,256,71,3,0.4977443609022556
798,0.7182961296191258,0.6914407194188211,0.0656944750025209,0.10715884260371723,0.27734375,256,71,0.27734375,256,71,3,0.49849624060150377
799,0.7193351904902838,0.6926814069790123,0.06560684944939825,0.10635271562939197,0.27734375,256,71,0.27734375,256,71,3,0.4992481203007519
800,0.7181467767310353,0.6920149542589104,0.06569366242769545,0.10426451865814429,0.28515625,256,73,0.28515625,256,73,3,0.5
801,0.45155431686249453,0.42532416624305525,0.06575155726312536,0.10465759289475669,0.28515625,256,73,0.28515625,256,73,4,0.2
802,0.44657451600100084,0.41983638506020066,0.06571706364640093,0.10668966708193837,0.28515625,256,73,0.28515625,256,73,4,0.20075187969924813
803,0.44766130568706886,0.420971622509239,0.0656517991318112,0.1064961154376511,0.28515625,256,73,0.28515625,256,73,4,0.20150375939849624
804,0.4528073444303158,0.4259118891395299,0.06563724241161768,0.10731926659303428,0.28515625,256,73,0.28515625,256,73,4,0.20225563909774438
805,0.44868441862342634,0.42159045085442803,0.06565519949767441,0.10811324252755242,0.28515625,256,73,0.28515625,256,73,4,0.2030075187969925
806,0.4533269851081139,0.4265111982822418,0.06562155854385511,0.10700065965673565,0.28515625,256,73,0.28515625,256,73,4,0.2037593984962406
807,0.4500488190524346,0.4235837427915725,0.06559136186817051,0.1055979399686366,0.28515625,256,73,0.28515625,256,73,4,0.20451127819548873
808,0.450535405526119,0.4239000894327079,0.06568331779104418,0.10627853184674693,0.28515625,256,73,0.28515625,256,73,4,0.20526315789473684
809,0.4517172746426236,0.4246864500826439,0.06580178505551498,0.10786008393078779,0.28515625,256,73,0.28515625,256,73,4,0.20601503759398498
810,0.45911975930222365,0.43201324712913647,0.06589107406614102,0.10816248150262157,0.28515625,256,73,0.28515625,256,73,4,0.2067669172932331
811,0.4557610879429674,0.4281700567334099,0.06581454229565849,0.1101008634519788,0.28515625,256,73,0.28515625,256,73,4,0.2075187969924812
812,0.4516644949934124,0.42450121150607556,0.06573064671417253,0.10839020869636957,0.28515625,256,73,0.28515625,256,73,4,0.20827067669172933
813,0.4525234704524015,0.4254683010873541,0.06581537755189744,0.10795741350249907,0.28515625,256,73,0.28515625,256,73,4,0.20902255639097744
814,0.45326133032815646,0.4260155236826534,0.06590280358770252,0.10871961791958429,0.28515625,256,73,0.28515625,256,73,4,0.20977443609022559
815,0.4573978251588028,0.4301572618758784,0.06582221909698131,0.10869896049256873,0.28515625,256,73,0.28515625,256,73,4,0.2105263157894737
816,0.45753617175912437,0.43030816923200554,0.06576630387422258,0.10864893703070362,0.28515625,256,73,0.28515625,256,73,4,0.21127819548872181
817,0.45508035252579543,0.4276634995388774,0.06587316629897176,0.10940391965935715,0.28515625,256,73,0.28515625,256,73,4,0.21203007518796993
818,0.45427356673552927,0.42730065890118085,0.06607462485543394,0.10762733062811658,0.28515625,256,73,0.28515625,256,73,4,0.21278195488721804
819,0.45310844916158016,0.4263278818235988,0.06586166649265626,0.10685882123961912,0.28515625,256,73,0.28515625,256,73,4,0.2135338345864662
820,0.4563736142837896,0.42931726812261395,0.06591275446446596,0.1079617342458362,0.28515625,256,73,0.28515625,256,73,4,0.2142857142857143
821,0.4560260390285897,0.4290673215832331,0.06604630579199411,0.10757068617154011,0.28515625,256,73,0.28515625,256,73,4,0.21503759398496242
822,0.4594058745202765,0.4323865067114872,0.06610131257139476,0.10781306239355982,0.28515625,256,73,0.28515625,256,73,4,0.21578947368421053
823,0.4623737860042437,0.4348722503776044,0.06591509684788442,0.1097424812285246,0.28515625,256,73,0.28515625,256,73,4,0.21654135338345865
824,0.45970839130139984,0.4325027173071836,0.06592716329393133,0.10855900041297474,0.28515625,256,73,0.28515625,256,73,4,0.2172932330827068
825,0.45830226471993774,0.43089732474985376,0.0659737947635946,0.10935587027167852,0.28515625,256,73,0.28515625,256,73,4,0.2180451127819549
826,0.46275782796133935,0.43562212718271576,0.06597546369364832,0.1082789004508373,0.28515625,256,73,0.28515625,256,73,4,0.21879699248120302
827,0.46126103374810346,0.4339694106473332,0.06605080726136149,0.1089022855843063,0.28515625,256,73,0.28515625,256,73,4,0.21954887218045113
828,0.4643113088291303,0.4370709818548861,0.06599368412146527,0.10869732578243829,0.28515625,256,73,0.28515625,256,73,4,0.22030075187969925
829,0.45823019162743495,0.43105262465181604,0.06601070203876074,0.10844623785367054,0.28515625,256,73,0.28515625,256,73,4,0.2210526315789474
830,0.46026012406939953,0.4335224860537369,0.06604839426226321,0.1066863524307192,0.28515625,256,73,0.28515625,256,73,4,0.2218045112781955
831,0.4615629663509605,0.4346401554293337,0.06603344833165144,0.10742711605487672,0.28515625,256,73,0.28515625,256,73,4,0.22255639097744362
832,0.4667549871765407,0.4395199803124487,0.06596660778849525,0.10867615452909891,0.28515625,256,73,0.28515625,256,73,4,0.22330827067669173
833,0.46427710525757443,0.4371500695701194,0.0659701866386211,0.10824427536103577,0.28515625,256,73,0.28515625,256,73,4,0.22406015037593985
834,0.46321799296193417,0.4358874775667106,0.06588632943092194,0.109058512523111,0.28515625,256,73,0.28515625,256,73,4,0.224812030075188
835,0.4669818374435459,0.4399826225981248,0.06603069906741117,0.10773274038745238,0.28515625,256,73,0.28515625,256,73,4,0.2255639097744361
836,0.4660328481577139,0.4388190716241313,0.06600111815254245,0.10859110226145888,0.28515625,256,73,0.28515625,256,73,4,0.22631578947368422
837,0.4619939633175335,0.4350337739539357,0.06606218482540772,0.1075765023716783,0.28515625,256,73,0.28515625,256,73,4,0.22706766917293233
838,0.4660693486179926,0.43861709943914834,0.065971349852275,0.10954511587598682,0.28515625,256,73,0.28515625,256,73,4,0.22781954887218045
839,0.46612478436621946,0.4380964069767336,0.06598904715702597,0.11184956093805026,0.28515625,256,73,0.28515625,256,73,4,0.2285714285714286
840,0.4714839207915078,0.4433609985672267,0.06606010545407777,0.11222744588039618,0.28515625,256,73,0.28515625,256,73,4,0.2293233082706767
841,0.46916376674069765,0.44157170959278547,0.06602648236846502,0.11010411559744218,0.28515625,256,73,0.28515625,256,73,4,0.23007518796992482
842,0.47003569592416816,0.44292188218209594,0.06611107678803722,0.10819079924737458,0.28515625,256,73,0.28515625,256,73,4,0.23082706766917294
843,0.4645892655954952,0.43772713272972447,0.06606812827882513,0.10718424585277,0.28515625,256,73,0.28515625,256,73,4,0.23157894736842105
844,0.46786411752743,0.44120208431134184,0.06601701109810212,0.10638406635385698,0.28515625,256,73,0.28515625,256,73,4,0.23233082706766917
845,0.46968471581956983,0.44273734963045713,0.06587911271943456,0.10752595664389365,0.28515625,256,73,0.28515625,256,73,4,0.2330827067669173
846,0.4700560880973276,0.4424791971666623,0.06595094396477252,0.11004377327925335,0.28515625,256,73,0.28515625,256,73,4,0.23383458646616542
847,0.4731589590026214,0.44518456284978747,0.06599415350804287,0.11163360849682209,0.28515625,256,73,0.28515625,256,73,4,0.23458646616541354
848,0.4744977666213449,0.44735380506093525,0.06595797091722488,0.10831201597388866,0.28515625,256,73,0.28515625,256,73,4,0.23533834586466165
849,0.4719030619722552,0.4451711019583508,0.06604263252389114,0.106663666269948,0.28515625,256,73,0.28515625,256,73,4,0.2360902255639098
850,0.4709094019062751,0.443840824133527,0.06598354493622231,0.10801036570188219,0.28515625,256,73,0.28515625,256,73,4,0.2368421052631579
851,0.4709079626914674,0.4437482554828171,0.06583576036238037,0.10837549076671094,0.28515625,256,73,0.28515625,256,73,4,0.23759398496240602
852,0.4729968240830751,0.44558561533953234,0.06585874250241086,0.10938139642234397,0.28515625,256,73,0.28515625,256,73,4,0.23834586466165414
853,0.47433447257607386,0.44698083031494007,0.06588259860213878,0.10915104530553903,0.28515625,256,73,0.28515625,256,73,4,0.23909774436090225
854,0.47620924278698135,0.44894185424905964,0.0660572232662049,0.10880532451963003,0.28515625,256,73,0.28515625,256,73,4,0.23984962406015037
855,0.47578436848336614,0.44882979857183136,0.06588279113041616,0.10755474759941608,0.28515625,256,73,0.28515625,256,73,4,0.2406015037593985
856,0.4763076329125767,0.4492979848806837,0.06591742406640433,0.10777492379456495,0.28515625,256,73,0.28515625,256,73,4,0.24135338345864663
857,0.48175889992080956,0.45463635594443935,0.06581321800440813,0.10822693258523941,0.28515625,256,73,0.28515625,256,73,4,0.24210526315789474
858,0.4710308877767715,0.4437455727463275,0.06584282720510938,0.10887788400977058,0.28515625,256,73,0.28515625,256,73,4,0.24285714285714285
859,0.47243808170335483,0.4454794225439561,0.06568571443842576,0.1075718975831977,0.28515625,256,73,0.28515625,256,73,4,0.243609022556391
860,0.4822645654193068,0.4554191397882141,0.06574135867104067,0.1071187290074551,0.28515625,256,73,0.28515625,256,73,4,0.2443609022556391
861,0.4872887506421688,0.45977319658330057,0.06574476490506029,0.1097992324987344,0.28515625,256,73,0.28515625,256,73,4,0.24511278195488723
862,0.479859263232324,0.4524745883139889,0.06584570326108848,0.1092753241547441,0.28515625,256,73,0.28515625,256,73,4,0.24586466165413534
863,0.4809086462565228,0.45333611332209767,0.06579814686448174,0.11002694426384647,0.28515625,256,73,0.28515625,256,73,4,0.24661654135338346
864,0.48471723140868467,0.45743870286814936,0.0658543816050597,0.10885071042364677,0.28515625,256,73,0.28515625,256,73,4,0.24736842105263157
865,0.4822498842150764,0.4549730375277258,0.06583123660720555,0.10884406022002212,0.28515625,256,73,0.28515625,256,73,4,0.2481203007518797
866,0.48277133307625764,0.4557668524505818,0.0658296340730338,0.10775461225910524,0.28515625,256,73,0.28515625,256,73,4,0.24887218045112783
867,0.48305226163526555,0.45629134352228284,0.06576318471832612,0.10678062845120388,0.28515625,256,73,0.28515625,256,73,4,0.24962406015037594
868,0.4850195946946608,0.45830603431811373,0.06577216701961197,0.10659115801079083,0.28515625,256,73,0.28515625,256,73,4,0.2503759398496241
869,0.48186645993089255,0.45520409757057123,0.06569249301621344,0.10638666423284902,0.28515625,256,73,0.28515625,256,73,4,0.2511278195488722
870,0.4929964877335371,0.46595191981940143,0.06581309226761876,0.10791501877582178,0.28515625,256,73,0.28515625,256,73,4,0.2518796992481203
